"가정별","인구구조,부양비별",1960,1960,1960,1961,1961,1961,1962,1962,1962,1963,1963,1963,1964,1964,1964,1965,1965,1965,1966,1966,1966,1967,1967,1967,1968,1968,1968,1969,1969,1969,1970,1970,1970,1971,1971,1971,1972,1972,1972,1973,1973,1973,1974,1974,1974,1975,1975,1975,1976,1976,1976,1977,1977,1977,1978,1978,1978,1979,1979,1979,1980,1980,1980,1981,1981,1981,1982,1982,1982,1983,1983,1983,1984,1984,1984,1985,1985,1985,1986,1986,1986,1987,1987,1987,1988,1988,1988,1989,1989,1989,1990,1990,1990,1991,1991,1991,1992,1992,1992,1993,1993,1993,1994,1994,1994,1995,1995,1995,1996,1996,1996,1997,1997,1997,1998,1998,1998,1999,1999,1999,2000,2000,2000,2001,2001,2001,2002,2002,2002,2003,2003,2003,2004,2004,2004,2005,2005,2005,2006,2006,2006,2007,2007,2007,2008,2008,2008,2009,2009,2009,2010,2010,2010,2011,2011,2011,2012,2012,2012,2013,2013,2013,2014,2014,2014,2015,2015,2015,2016,2016,2016,2017,2017,2017,2018,2018,2018,2019,2019,2019,2020,2020,2020,2021,2021,2021,2022,2022,2022,2023,2023,2023,2024,2024,2024,2025,2025,2025,2026,2026,2026,2027,2027,2027,2028,2028,2028,2029,2029,2029,2030,2030,2030,2031,2031,2031,2032,2032,2032,2033,2033,2033,2034,2034,2034,2035,2035,2035,2036,2036,2036,2037,2037,2037,2038,2038,2038,2039,2039,2039,2040,2040,2040,2041,2041,2041,2042,2042,2042,2043,2043,2043,2044,2044,2044,2045,2045,2045,2046,2046,2046,2047,2047,2047,2048,2048,2048,2049,2049,2049,2050,2050,2050,2051,2051,2051,2052,2052,2052,2053,2053,2053,2054,2054,2054,2055,2055,2055,2056,2056,2056,2057,2057,2057,2058,2058,2058,2059,2059,2059,2060,2060,2060,2061,2061,2061,2062,2062,2062,2063,2063,2063,2064,2064,2064,2065,2065,2065,2066,2066,2066,2067,2067,2067,2068,2068,2068,2069,2069,2069,2070,2070,2070
"가정별","인구구조,부양비별",원데이터,전년 대비 증감,증감률,원데이터,전년 대비 증감,증감률,원데이터,전년 대비 증감,증감률,원데이터,전년 대비 증감,증감률,원데이터,전년 대비 증감,증감률,원데이터,전년 대비 증감,증감률,원데이터,전년 대비 증감,증감률,원데이터,전년 대비 증감,증감률,원데이터,전년 대비 증감,증감률,원데이터,전년 대비 증감,증감률,원데이터,전년 대비 증감,증감률,원데이터,전년 대비 증감,증감률,원데이터,전년 대비 증감,증감률,원데이터,전년 대비 증감,증감률,원데이터,전년 대비 증감,증감률,원데이터,전년 대비 증감,증감률,원데이터,전년 대비 증감,증감률,원데이터,전년 대비 증감,증감률,원데이터,전년 대비 증감,증감률,원데이터,전년 대비 증감,증감률,원데이터,전년 대비 증감,증감률,원데이터,전년 대비 증감,증감률,원데이터,전년 대비 증감,증감률,원데이터,전년 대비 증감,증감률,원데이터,전년 대비 증감,증감률,원데이터,전년 대비 증감,증감률,원데이터,전년 대비 증감,증감률,원데이터,전년 대비 증감,증감률,원데이터,전년 대비 증감,증감률,원데이터,전년 대비 증감,증감률,원데이터,전년 대비 증감,증감률,원데이터,전년 대비 증감,증감률,원데이터,전년 대비 증감,증감률,원데이터,전년 대비 증감,증감률,원데이터,전년 대비 증감,증감률,원데이터,전년 대비 증감,증감률,원데이터,전년 대비 증감,증감률,원데이터,전년 대비 증감,증감률,원데이터,전년 대비 증감,증감률,원데이터,전년 대비 증감,증감률,원데이터,전년 대비 증감,증감률,원데이터,전년 대비 증감,증감률,원데이터,전년 대비 증감,증감률,원데이터,전년 대비 증감,증감률,원데이터,전년 대비 증감,증감률,원데이터,전년 대비 증감,증감률,원데이터,전년 대비 증감,증감률,원데이터,전년 대비 증감,증감률,원데이터,전년 대비 증감,증감률,원데이터,전년 대비 증감,증감률,원데이터,전년 대비 증감,증감률,원데이터,전년 대비 증감,증감률,원데이터,전년 대비 증감,증감률,원데이터,전년 대비 증감,증감률,원데이터,전년 대비 증감,증감률,원데이터,전년 대비 증감,증감률,원데이터,전년 대비 증감,증감률,원데이터,전년 대비 증감,증감률,원데이터,전년 대비 증감,증감률,원데이터,전년 대비 증감,증감률,원데이터,전년 대비 증감,증감률,원데이터,전년 대비 증감,증감률,원데이터,전년 대비 증감,증감률,원데이터,전년 대비 증감,증감률,원데이터,전년 대비 증감,증감률,원데이터,전년 대비 증감,증감률,원데이터,전년 대비 증감,증감률,원데이터,전년 대비 증감,증감률,원데이터,전년 대비 증감,증감률,원데이터,전년 대비 증감,증감률,원데이터,전년 대비 증감,증감률,원데이터,전년 대비 증감,증감률,원데이터,전년 대비 증감,증감률,원데이터,전년 대비 증감,증감률,원데이터,전년 대비 증감,증감률,원데이터,전년 대비 증감,증감률,원데이터,전년 대비 증감,증감률,원데이터,전년 대비 증감,증감률,원데이터,전년 대비 증감,증감률,원데이터,전년 대비 증감,증감률,원데이터,전년 대비 증감,증감률,원데이터,전년 대비 증감,증감률,원데이터,전년 대비 증감,증감률,원데이터,전년 대비 증감,증감률,원데이터,전년 대비 증감,증감률,원데이터,전년 대비 증감,증감률,원데이터,전년 대비 증감,증감률,원데이터,전년 대비 증감,증감률,원데이터,전년 대비 증감,증감률,원데이터,전년 대비 증감,증감률,원데이터,전년 대비 증감,증감률,원데이터,전년 대비 증감,증감률,원데이터,전년 대비 증감,증감률,원데이터,전년 대비 증감,증감률,원데이터,전년 대비 증감,증감률,원데이터,전년 대비 증감,증감률,원데이터,전년 대비 증감,증감률,원데이터,전년 대비 증감,증감률,원데이터,전년 대비 증감,증감률,원데이터,전년 대비 증감,증감률,원데이터,전년 대비 증감,증감률,원데이터,전년 대비 증감,증감률,원데이터,전년 대비 증감,증감률,원데이터,전년 대비 증감,증감률,원데이터,전년 대비 증감,증감률,원데이터,전년 대비 증감,증감률,원데이터,전년 대비 증감,증감률,원데이터,전년 대비 증감,증감률,원데이터,전년 대비 증감,증감률,원데이터,전년 대비 증감,증감률,원데이터,전년 대비 증감,증감률
"중위 추계(기본 추계: 출산율-중위 / 기대수명-중위 / 국제순이동-중위)","총인구(명)",25012374,,,25765673,753299,3.0,26513030,747357,2.9,27261747,748717,2.8,27984155,722408,2.6,28704674,720519,2.6,29435571,730897,2.5,30130983,695412,2.4,30838302,707319,2.3,31544266,705964,2.3,32240827,696561,2.2,32882704,641877,2.0,33505406,622702,1.9,34103149,597743,1.8,34692266,589117,1.7,35280725,588459,1.7,35848523,567798,1.6,36411795,563272,1.6,36969185,557390,1.5,37534236,565051,1.5,38123775,589539,1.6,38723248,599473,1.6,39326352,603104,1.6,39910403,584051,1.5,40405956,495553,1.2,40805744,399788,1.0,41213674,407930,1.0,41621690,408016,1.0,42031247,409557,1.0,42449038,417791,1.0,42869283,420245,1.0,43295704,426421,1.0,43747962,452258,1.0,44194628,446666,1.0,44641540,446912,1.0,45092991,451451,1.0,45524681,431690,1.0,45953580,428899,0.9,46286503,332923,0.7,46616677,330174,0.7,47008111,391434,0.8,47370164,362053,0.8,47644736,274572,0.6,47892330,247594,0.5,48082519,190189,0.4,48184561,102042,0.2,48438292,253731,0.5,48683638,245346,0.5,49054708,371070,0.8,49307835,253127,0.5,49554112,246277,0.5,49936638,382526,0.8,50199853,263215,0.5,50428893,229040,0.5,50746659,317766,0.6,51014947,268288,0.5,51217803,202856,0.4,51361911,144108,0.3,51585058,223147,0.4,51764822,179764,0.3,51836239,71417,0.1,51744876,-91363,-0.2,51628117,-116759,-0.2,51558034,-70083,-0.1,51500029,-58005,-0.1,51447504,-52525,-0.1,51397309,-50195,-0.1,51348388,-48921,-0.1,51300095,-48293,-0.1,51250905,-49190,-0.1,51199019,-51886,-0.1,51142848,-56171,-0.1,51082971,-59877,-0.1,51018619,-64352,-0.1,50947857,-70762,-0.1,50868691,-79166,-0.2,50774771,-93920,-0.2,50660209,-114562,-0.2,50524704,-135505,-0.3,50368731,-155973,-0.3,50193281,-175450,-0.3,49998451,-194830,-0.4,49784159,-214292,-0.4,49551362,-232797,-0.5,49300187,-251175,-0.5,49029906,-270281,-0.5,48739019,-290887,-0.6,48426874,-312145,-0.6,48093212,-333662,-0.7,47737283,-355929,-0.7,47358532,-378751,-0.8,46957061,-401471,-0.8,46534046,-423015,-0.9,46090617,-443429,-1.0,45628975,-461642,-1.0,45151722,-477253,-1.0,44660957,-490765,-1.1,44159136,-501821,-1.1,43649074,-510062,-1.2,43134131,-514943,-1.2,42617053,-517078,-1.2,42099995,-517058,-1.2,41585534,-514461,-1.2,41074913,-510621,-1.2,40569298,-505615,-1.2,40069340,-499958,-1.2,39574865,-494475,-1.2,39085966,-488899,-1.2,38602940,-483026,-1.2,38126347,-476593,-1.2,37655867,-470480,-1.2
"중위 추계(기본 추계: 출산율-중위 / 기대수명-중위 / 국제순이동-중위)","남자(명)",12550691,,,12936583,385892,3.1,13320983,384400,3.0,13708120,387137,2.9,14081950,373830,2.7,14452831,370881,2.6,14829861,377030,2.6,15205393,375532,2.5,15576098,370705,2.4,15940965,364867,2.3,16308607,367642,2.3,16648884,340277,2.1,16955438,306554,1.8,17234877,279439,1.6,17514223,279346,1.6,17765828,251605,1.4,18058503,292675,1.6,18349416,290913,1.6,18637254,287838,1.6,18929361,292107,1.6,19235736,306375,1.6,19535680,299944,1.6,19837392,301712,1.5,20129120,291728,1.5,20375175,246055,1.2,20575600,200425,1.0,20771997,196397,1.0,20959980,187983,0.9,21155226,195246,0.9,21357389,202163,1.0,21568181,210792,1.0,21783914,215733,1.0,22013655,229741,1.1,22242554,228899,1.0,22472496,229942,1.0,22705329,232833,1.0,22924512,219183,1.0,23148092,223580,1.0,23295727,147635,0.6,23457837,162110,0.7,23666769,208932,0.9,23854971,188202,0.8,23991377,136406,0.6,24120872,129495,0.5,24210740,89868,0.4,24243234,32494,0.1,24369561,126327,0.5,24491190,121629,0.5,24671648,180458,0.7,24774341,102693,0.4,24881114,106773,0.4,25069867,188753,0.8,25187380,117513,0.5,25285319,97939,0.4,25445077,159758,0.6,25585894,140817,0.6,25670949,85055,0.3,25736793,65844,0.3,25857689,120896,0.5,25948706,91017,0.4,25925697,-23009,-0.1,25857805,-67892,-0.3,25790370,-67435,-0.3,25749708,-40662,-0.2,25714669,-35039,-0.1,25682920,-31749,-0.1,25652688,-30232,-0.1,25623449,-29239,-0.1,25594665,-28784,-0.1,25565335,-29330,-0.1,25534271,-31064,-0.1,25500682,-33589,-0.1,25465537,-35145,-0.1,25428194,-37343,-0.1,25387227,-40967,-0.2,25341396,-45831,-0.2,25287787,-53609,-0.2,25223712,-64075,-0.3,25148717,-74995,-0.3,25062989,-85728,-0.3,24967438,-95551,-0.4,24862101,-105337,-0.4,24747027,-115074,-0.5,24623212,-123815,-0.5,24490787,-132425,-0.5,24349262,-141525,-0.6,24198149,-151113,-0.6,24037198,-160951,-0.7,23866435,-170763,-0.7,23685828,-180607,-0.8,23495017,-190811,-0.8,23293951,-201066,-0.9,23083114,-210837,-0.9,22863378,-219736,-1.0,22635845,-227533,-1.0,22401355,-234490,-1.0,22161137,-240218,-1.1,21916651,-244486,-1.1,21668900,-247751,-1.1,21419386,-249514,-1.2,21169626,-249760,-1.2,20920520,-249106,-1.2,20673019,-247501,-1.2,20427643,-245376,-1.2,20184891,-242752,-1.2,19944832,-240059,-1.2,19707593,-237239,-1.2,19473353,-234240,-1.2,19242034,-231319,-1.2,19013814,-228220,-1.2,18788054,-225760,-1.2
"중위 추계(기본 추계: 출산율-중위 / 기대수명-중위 / 국제순이동-중위)","여자(명)",12461683,,,12829090,367407,2.9,13192047,362957,2.8,13553627,361580,2.7,13902205,348578,2.6,14251843,349638,2.5,14605710,353867,2.5,14925590,319880,2.2,15262204,336614,2.3,15603301,341097,2.2,15932220,328919,2.1,16233820,301600,1.9,16549968,316148,1.9,16868272,318304,1.9,17178043,309771,1.8,17514897,336854,2.0,17790020,275123,1.6,18062379,272359,1.5,18331931,269552,1.5,18604875,272944,1.5,18888039,283164,1.5,19187568,299529,1.6,19488960,301392,1.6,19781283,292323,1.5,20030781,249498,1.3,20230144,199363,1.0,20441677,211533,1.0,20661710,220033,1.1,20876021,214311,1.0,21091649,215628,1.0,21301102,209453,1.0,21511790,210688,1.0,21734307,222517,1.0,21952074,217767,1.0,22169044,216970,1.0,22387662,218618,1.0,22600169,212507,0.9,22805488,205319,0.9,22990776,185288,0.8,23158840,168064,0.7,23341342,182502,0.8,23515193,173851,0.7,23653359,138166,0.6,23771458,118099,0.5,23871779,100321,0.4,23941327,69548,0.3,24068731,127404,0.5,24192448,123717,0.5,24383060,190612,0.8,24533494,150434,0.6,24672998,139504,0.6,24866771,193773,0.8,25012473,145702,0.6,25143574,131101,0.5,25301582,158008,0.6,25429053,127471,0.5,25546854,117801,0.5,25625118,78264,0.3,25727369,102251,0.4,25816116,88747,0.3,25910542,94426,0.4,25887071,-23471,-0.1,25837747,-49324,-0.2,25808326,-29421,-0.1,25785360,-22966,-0.1,25764584,-20776,-0.1,25744621,-19963,-0.1,25724939,-19682,-0.1,25705430,-19509,-0.1,25685570,-19860,-0.1,25664748,-20822,-0.1,25642166,-22582,-0.1,25617434,-24732,-0.1,25590425,-27009,-0.1,25560630,-29795,-0.1,25527295,-33335,-0.1,25486984,-40311,-0.2,25436497,-50487,-0.2,25375987,-60510,-0.2,25305742,-70245,-0.3,25225843,-79899,-0.3,25136350,-89493,-0.4,25037132,-99218,-0.4,24928150,-108982,-0.4,24809400,-118750,-0.5,24680644,-128756,-0.5,24540870,-139774,-0.6,24389676,-151194,-0.6,24226777,-162899,-0.7,24051455,-175322,-0.7,23863515,-187940,-0.8,23663110,-200405,-0.8,23450932,-212178,-0.9,23227239,-223693,-1.0,22993130,-234109,-1.0,22750367,-242763,-1.1,22499820,-250547,-1.1,22242485,-257335,-1.1,21980174,-262311,-1.2,21714745,-265429,-1.2,21447427,-267318,-1.2,21179475,-267952,-1.2,20912515,-266960,-1.3,20647270,-265245,-1.3,20384407,-262863,-1.3,20124508,-259899,-1.3,19867272,-257236,-1.3,19612613,-254659,-1.3,19360906,-251707,-1.3,19112533,-248373,-1.3,18867813,-244720,-1.3
"중위 추계(기본 추계: 출산율-중위 / 기대수명-중위 / 국제순이동-중위)","성비(여자1백명당)",100.7,,,100.8,0.1,0.1,101.0,0.2,0.2,101.1,0.1,0.1,101.3,0.2,0.2,101.4,0.1,0.1,101.5,0.1,0.1,101.9,0.4,0.4,102.1,0.2,0.2,102.2,0.1,0.1,102.4,0.2,0.2,102.6,0.2,0.2,102.4,-0.2,-0.2,102.2,-0.2,-0.2,102.0,-0.2,-0.2,101.4,-0.6,-0.6,101.5,0.1,0.1,101.6,0.1,0.1,101.7,0.1,0.1,101.7,0.0,0.0,101.8,0.1,0.1,101.8,0.0,0.0,101.8,0.0,0.0,101.8,0.0,0.0,101.7,-0.1,-0.1,101.7,0.0,0.0,101.6,-0.1,-0.1,101.4,-0.2,-0.2,101.3,-0.1,-0.1,101.3,0.0,0.0,101.3,0.0,0.0,101.3,0.0,0.0,101.3,0.0,0.0,101.3,0.0,0.0,101.4,0.1,0.1,101.4,0.0,0.0,101.4,0.0,0.0,101.5,0.1,0.1,101.3,-0.2,-0.2,101.3,0.0,0.0,101.4,0.1,0.1,101.4,0.0,0.0,101.4,0.0,0.0,101.5,0.1,0.1,101.4,-0.1,-0.1,101.3,-0.1,-0.1,101.2,-0.1,-0.1,101.2,0.0,0.0,101.2,0.0,0.0,101.0,-0.2,-0.2,100.8,-0.2,-0.2,100.8,0.0,0.0,100.7,-0.1,-0.1,100.6,-0.1,-0.1,100.6,0.0,0.0,100.6,0.0,0.0,100.5,-0.1,-0.1,100.4,-0.1,-0.1,100.5,0.1,0.1,100.5,0.0,0.0,100.1,-0.4,-0.4,99.9,-0.2,-0.2,99.8,-0.1,-0.1,99.8,0.0,0.0,99.7,-0.1,-0.1,99.7,0.0,0.0,99.6,-0.1,-0.1,99.6,0.0,0.0,99.6,0.0,0.0,99.5,-0.1,-0.1,99.5,0.0,0.0,99.4,-0.1,-0.1,99.4,0.0,0.0,99.4,0.0,0.0,99.3,-0.1,-0.1,99.3,0.0,0.0,99.2,-0.1,-0.1,99.2,0.0,0.0,99.1,-0.1,-0.1,99.0,-0.1,-0.1,99.0,0.0,0.0,98.9,-0.1,-0.1,98.8,-0.1,-0.1,98.8,0.0,0.0,98.7,-0.1,-0.1,98.7,0.0,0.0,98.6,-0.1,-0.1,98.6,0.0,0.0,98.5,-0.1,-0.1,98.5,0.0,0.0,98.5,0.0,0.0,98.4,-0.1,-0.1,98.4,0.0,0.0,98.4,0.0,0.0,98.4,0.0,0.0,98.5,0.1,0.1,98.5,0.0,0.0,98.5,0.0,0.0,98.6,0.1,0.1,98.6,0.0,0.0,98.7,0.1,0.1,98.8,0.1,0.1,98.9,0.1,0.1,98.9,0.0,0.0,99.0,0.1,0.1,99.1,0.1,0.1,99.2,0.1,0.1,99.3,0.1,0.1,99.4,0.1,0.1,99.5,0.1,0.1,99.6,0.1,0.1
"중위 추계(기본 추계: 출산율-중위 / 기대수명-중위 / 국제순이동-중위)","인구성장률",-,-,-,2.97,,,2.86,-0.10,-3.7,2.78,-0.10,-2.8,2.62,-0.20,-5.8,2.54,-0.10,-3.1,2.51,0.00,-1.2,2.34,-0.20,-6.8,2.32,0.00,-0.9,2.26,-0.10,-2.6,2.18,-0.10,-3.5,1.97,-0.20,-9.6,1.88,-0.10,-4.6,1.77,-0.10,-5.9,1.71,-0.10,-3.4,1.68,0.00,-1.8,1.60,-0.10,-4.8,1.56,0.00,-2.5,1.52,0.00,-2.6,1.52,0.00,0.0,1.56,0.00,2.6,1.56,0.00,0.0,1.55,0.00,-0.6,1.47,-0.10,-5.2,1.23,-0.20,-16.3,0.98,-0.30,-20.3,0.99,0.00,1.0,0.99,0.00,0.0,0.98,0.00,-1.0,0.99,0.00,1.0,0.99,0.00,0.0,0.99,0.00,0.0,1.04,0.10,5.1,1.02,0.00,-1.9,1.01,0.00,-1.0,1.01,0.00,0.0,0.95,-0.10,-5.9,0.94,0.00,-1.1,0.72,-0.20,-23.4,0.71,0.00,-1.4,0.84,0.10,18.3,0.77,-0.10,-8.3,0.58,-0.20,-24.7,0.52,-0.10,-10.3,0.40,-0.10,-23.1,0.21,-0.20,-47.5,0.53,0.30,152.4,0.51,0.00,-3.8,0.76,0.30,49.0,0.51,-0.30,-32.9,0.50,0.00,-2.0,0.77,0.30,54.0,0.53,-0.20,-31.2,0.46,-0.10,-13.2,0.63,0.20,37.0,0.53,-0.10,-15.9,0.40,-0.10,-24.5,0.28,-0.10,-30.0,0.43,0.20,53.6,0.35,-0.10,-18.6,0.14,-0.20,-60.0,-0.18,-0.30,-228.6,-0.23,-0.10,-27.8,-0.14,0.10,39.1,-0.11,0.00,21.4,-0.10,0.00,9.1,-0.10,0.00,0.0,-0.10,0.00,0.0,-0.09,0.00,10.0,-0.10,0.00,-11.1,-0.10,0.00,0.0,-0.11,0.00,-10.0,-0.12,0.00,-9.1,-0.13,0.00,-8.3,-0.14,0.00,-7.7,-0.16,0.00,-14.3,-0.18,0.00,-12.5,-0.23,-0.10,-27.8,-0.27,0.00,-17.4,-0.31,0.00,-14.8,-0.35,0.00,-12.9,-0.39,0.00,-11.4,-0.43,0.00,-10.3,-0.47,0.00,-9.3,-0.51,0.00,-8.5,-0.55,0.00,-7.8,-0.60,-0.10,-9.1,-0.64,0.00,-6.7,-0.69,-0.10,-7.8,-0.74,-0.10,-7.2,-0.80,-0.10,-8.1,-0.85,-0.10,-6.3,-0.90,-0.10,-5.9,-0.96,-0.10,-6.7,-1.01,-0.10,-5.2,-1.05,0.00,-4.0,-1.09,0.00,-3.8,-1.13,0.00,-3.7,-1.16,0.00,-2.7,-1.19,0.00,-2.6,-1.21,0.00,-1.7,-1.22,0.00,-0.8,-1.23,0.00,-0.8,-1.24,0.00,-0.8,-1.24,0.00,0.0,-1.24,0.00,0.0,-1.24,0.00,0.0,-1.24,0.00,0.0,-1.24,0.00,0.0,-1.24,0.00,0.0,-1.24,0.00,0.0
"중위 추계(기본 추계: 출산율-중위 / 기대수명-중위 / 국제순이동-중위)","인구(명): 0-14세",10587583,,,11065019,477436,4.5,11472623,407604,3.7,11850374,377751,3.3,12215638,365264,3.1,12577740,362102,3.0,12916059,338319,2.7,13199493,283434,2.2,13459383,259890,2.0,13638232,178849,1.3,13709367,71135,0.5,13764089,54722,0.4,13858472,94383,0.7,13849385,-9087,-0.1,13790071,-59314,-0.4,13614403,-175668,-1.3,13434830,-179573,-1.3,13273107,-161723,-1.2,13116029,-157078,-1.2,13005315,-110714,-0.8,12950775,-54540,-0.4,12925036,-25739,-0.2,12886600,-38436,-0.3,12800968,-85632,-0.7,12591760,-209208,-1.6,12304542,-287218,-2.3,12029833,-274709,-2.2,11746377,-283456,-2.4,11487445,-258932,-2.2,11261131,-226314,-2.0,10973592,-287539,-2.6,10858720,-114872,-1.0,10791426,-67294,-0.6,10734528,-56898,-0.5,10653446,-81082,-0.8,10536828,-116618,-1.1,10403277,-133551,-1.3,10233102,-170175,-1.6,10091517,-141585,-1.4,9972894,-118623,-1.2,9911229,-61665,-0.6,9852452,-58777,-0.6,9732348,-120104,-1.2,9584906,-147442,-1.5,9430513,-154393,-1.6,9223260,-207253,-2.2,8979585,-243675,-2.6,8714382,-265203,-3.0,8478823,-235559,-2.7,8229264,-249559,-2.9,7979439,-249825,-3.0,7771460,-207979,-2.6,7577231,-194229,-2.5,7392237,-184994,-2.4,7213693,-178544,-2.4,7029883,-183810,-2.5,6864563,-165320,-2.4,6724283,-140280,-2.0,6595054,-129229,-1.9,6448080,-146974,-2.2,6305870,-142210,-2.2,6143634,-162236,-2.6,5934472,-209162,-3.4,5686017,-248455,-4.2,5462580,-223437,-3.9,5252258,-210322,-3.9,5020301,-231957,-4.4,4810732,-209569,-4.2,4623091,-187641,-3.9,4474872,-148219,-3.2,4329353,-145519,-3.3,4205379,-123974,-2.9,4132442,-72937,-1.7,4103438,-29004,-0.7,4106571,3133,0.1,4141816,35245,0.9,4193021,51205,1.2,4248102,55081,1.3,4308309,60207,1.4,4372023,63714,1.5,4427467,55444,1.3,4464280,36813,0.8,4484052,19772,0.4,4488212,4160,0.1,4478097,-10115,-0.2,4454853,-23244,-0.5,4419381,-35472,-0.8,4372351,-47030,-1.1,4314222,-58129,-1.3,4245256,-68966,-1.6,4165590,-79666,-1.9,4080706,-84884,-2.0,3995647,-85059,-2.1,3909699,-85948,-2.2,3822313,-87386,-2.2,3733151,-89162,-2.3,3642164,-90987,-2.4,3549710,-92454,-2.5,3456621,-93089,-2.6,3364168,-92453,-2.7,3273988,-90180,-2.7,3187975,-86013,-2.6,3108052,-79923,-2.5,3036007,-72045,-2.3,2973310,-62697,-2.1,2920999,-52311,-1.8,2879601,-41398,-1.4,2849110,-30491,-1.1,2828990,-20120,-0.7,2818199,-10791,-0.4,2815279,-2920,-0.1
"중위 추계(기본 추계: 출산율-중위 / 기대수명-중위 / 국제순이동-중위)","인구(명): 15-64세",13698341,,,13949773,251432,1.8,14257691,307918,2.2,14595205,337514,2.4,14923382,328177,2.2,15245851,322469,2.2,15592878,347027,2.3,16003566,410688,2.6,16445982,442416,2.8,16957491,511509,3.1,17540152,582661,3.4,18064092,523940,3.0,18602276,538184,3.0,19176510,574234,3.1,19781685,605175,3.2,20448875,667190,3.4,21151580,702705,3.4,21829330,677750,3.2,22495994,666664,3.1,23123979,627985,2.8,23716967,592988,2.6,24300033,583066,2.5,24880337,580304,2.4,25494901,614564,2.5,26140581,645680,2.5,26759353,618772,2.4,27383105,623752,2.3,27998885,615780,2.2,28581942,583057,2.1,29134922,552980,1.9,29700607,565685,1.9,30170543,469936,1.6,30610680,440137,1.5,31023107,412427,1.3,31445602,422495,1.4,31899511,453909,1.4,32326522,427011,1.3,32791167,464645,1.4,33125933,334766,1.0,33420207,294274,0.9,33701986,281779,0.8,33946787,244801,0.7,34155443,208656,0.6,34367560,212117,0.6,34521703,154143,0.4,34640514,118811,0.3,34932893,292379,0.8,35208580,275687,0.8,35587293,378713,1.1,35901685,314392,0.9,36208564,306879,0.9,36649999,441435,1.2,36855893,205894,0.6,37013997,158104,0.4,37255840,241843,0.7,37443896,188056,0.5,37596157,152261,0.4,37571568,-24589,-0.1,37623919,52351,0.1,37627748,3829,0.0,37378502,-249246,-0.7,37029895,-348607,-0.9,36675233,-354662,-1.0,36372084,-303149,-0.8,36029123,-342961,-0.9,35609992,-419131,-1.2,35179627,-430365,-1.2,34867157,-312470,-0.9,34477274,-389883,-1.1,34179583,-297691,-0.9,33813340,-366243,-1.1,33442974,-370366,-1.1,33040470,-402504,-1.2,32577124,-463346,-1.4,31998620,-578504,-1.8,31437760,-560860,-1.8,30824374,-613386,-2.0,30234798,-589576,-1.9,29636052,-598746,-2.0,29043691,-592361,-2.0,28520944,-522747,-1.8,28051044,-469900,-1.6,27610404,-440640,-1.6,27172521,-437883,-1.6,26735583,-436938,-1.6,26239634,-495949,-1.9,25749434,-490200,-1.9,25264415,-485019,-1.9,24839285,-425130,-1.7,24486487,-352798,-1.4,24189053,-297434,-1.2,23886842,-302211,-1.2,23593453,-293389,-1.2,23302050,-291403,-1.2,22988840,-313210,-1.3,22653243,-335597,-1.5,22304305,-348938,-1.5,21894799,-409506,-1.8,21475161,-419638,-1.9,21065287,-409874,-1.9,20660407,-404880,-1.9,20249643,-410764,-2.0,19855143,-394500,-1.9,19471587,-383556,-1.9,19115992,-355595,-1.8,18745882,-370110,-1.9,18392086,-353796,-1.9,18113436,-278650,-1.5,17862144,-251292,-1.4,17603904,-258240,-1.4,17367650,-236254,-1.3
"중위 추계(기본 추계: 출산율-중위 / 기대수명-중위 / 국제순이동-중위)","인구(명): 65세 이상",726450,,,750881,24431,3.4,782716,31835,4.2,816168,33452,4.3,845135,28967,3.5,881083,35948,4.3,926634,45551,5.2,927924,1290,0.1,932937,5013,0.5,948543,15606,1.7,991308,42765,4.5,1054523,63215,6.4,1044658,-9865,-0.9,1077254,32596,3.1,1120510,43256,4.0,1217447,96937,8.7,1262113,44666,3.7,1309358,47245,3.7,1357162,47804,3.7,1404942,47780,3.5,1456033,51091,3.6,1498179,42146,2.9,1559415,61236,4.1,1614534,55119,3.5,1673615,59081,3.7,1741849,68234,4.1,1800736,58887,3.4,1876428,75692,4.2,1961860,85432,4.6,2052985,91125,4.6,2195084,142099,6.9,2266441,71357,3.3,2345856,79415,3.5,2436993,91137,3.9,2542492,105499,4.3,2656652,114160,4.5,2794882,138230,5.2,2929311,134429,4.8,3069053,139742,4.8,3223576,154523,5.0,3394896,171320,5.3,3570925,176029,5.2,3756945,186020,5.2,3939864,182919,4.9,4130303,190439,4.8,4320787,190484,4.6,4525814,205027,4.7,4760676,234862,5.2,4988592,227916,4.8,5176886,188294,3.8,5366109,189223,3.7,5515179,149070,2.8,5766729,251550,4.6,6022659,255930,4.4,6277126,254467,4.2,6541168,264042,4.2,6757083,215915,3.3,7066060,308977,4.6,7366085,300025,4.2,7688994,322909,4.4,8151867,462873,6.0,8571347,419480,5.1,9018412,447065,5.2,9499933,481521,5.3,10008326,508393,5.4,10585254,576928,5.8,11197381,612127,5.8,11670499,473118,4.2,12199730,529231,4.5,12596450,396720,3.3,13056326,459876,3.7,13494495,438169,3.4,13910059,415564,3.1,14338057,427998,3.1,14842666,504609,3.5,15289115,446449,3.0,15757376,468261,3.1,16177309,419933,2.7,16580343,403034,2.5,16953017,372674,2.2,17244870,291853,1.7,17483127,238257,1.4,17689703,206576,1.2,17890629,200926,1.1,18086507,195878,1.1,18335419,248912,1.4,18570204,234785,1.3,18790108,219904,1.2,18939705,149597,0.8,19005540,65835,0.3,19003889,-1651,0.0,18989513,-14376,-0.1,18944946,-44567,-0.2,18878868,-66078,-0.3,18817822,-61046,-0.3,18765328,-52494,-0.3,18714488,-50840,-0.3,18714627,139,0.0,18717292,2665,0.0,18704676,-12616,-0.1,18682658,-22018,-0.1,18662377,-20281,-0.1,18622339,-40038,-0.2,18567319,-55020,-0.3,18479996,-87323,-0.5,18402459,-77537,-0.4,18303178,-99281,-0.5,18123420,-179758,-1.0,17911806,-211614,-1.2,17704244,-207562,-1.2,17472938,-231306,-1.3
"중위 추계(기본 추계: 출산율-중위 / 기대수명-중위 / 국제순이동-중위)","- 구성비(%): 0-14세",42.3,,,42.9,0.6,1.4,43.3,0.4,0.9,43.5,0.2,0.5,43.7,0.2,0.5,43.8,0.1,0.2,43.9,0.1,0.2,43.8,-0.1,-0.2,43.6,-0.2,-0.5,43.2,-0.4,-0.9,42.5,-0.7,-1.6,41.9,-0.6,-1.4,41.4,-0.5,-1.2,40.6,-0.8,-1.9,39.7,-0.9,-2.2,38.6,-1.1,-2.8,37.5,-1.1,-2.8,36.5,-1.0,-2.7,35.5,-1.0,-2.7,34.6,-0.9,-2.5,34.0,-0.6,-1.7,33.4,-0.6,-1.8,32.8,-0.6,-1.8,32.1,-0.7,-2.1,31.2,-0.9,-2.8,30.2,-1.0,-3.2,29.2,-1.0,-3.3,28.2,-1.0,-3.4,27.3,-0.9,-3.2,26.5,-0.8,-2.9,25.6,-0.9,-3.4,25.1,-0.5,-2.0,24.7,-0.4,-1.6,24.3,-0.4,-1.6,23.9,-0.4,-1.6,23.4,-0.5,-2.1,22.9,-0.5,-2.1,22.3,-0.6,-2.6,21.8,-0.5,-2.2,21.4,-0.4,-1.8,21.1,-0.3,-1.4,20.8,-0.3,-1.4,20.4,-0.4,-1.9,20.0,-0.4,-2.0,19.6,-0.4,-2.0,19.1,-0.5,-2.6,18.5,-0.6,-3.1,17.9,-0.6,-3.2,17.3,-0.6,-3.4,16.7,-0.6,-3.5,16.1,-0.6,-3.6,15.6,-0.5,-3.1,15.1,-0.5,-3.2,14.7,-0.4,-2.6,14.2,-0.5,-3.4,13.8,-0.4,-2.8,13.4,-0.4,-2.9,13.1,-0.3,-2.2,12.8,-0.3,-2.3,12.5,-0.3,-2.3,12.2,-0.3,-2.4,11.9,-0.3,-2.5,11.5,-0.4,-3.4,11.0,-0.5,-4.3,10.6,-0.4,-3.6,10.2,-0.4,-3.8,9.8,-0.4,-3.9,9.4,-0.4,-4.1,9.0,-0.4,-4.3,8.7,-0.3,-3.3,8.5,-0.2,-2.3,8.2,-0.3,-3.5,8.1,-0.1,-1.2,8.0,-0.1,-1.2,8.1,0.1,1.3,8.1,0.0,0.0,8.3,0.2,2.5,8.4,0.1,1.2,8.5,0.1,1.2,8.7,0.2,2.4,8.8,0.1,1.1,8.9,0.1,1.1,9.0,0.1,1.1,9.1,0.1,1.1,9.1,0.0,0.0,9.1,0.0,0.0,9.1,0.0,0.0,9.0,-0.1,-1.1,9.0,0.0,0.0,8.9,-0.1,-1.1,8.8,-0.1,-1.1,8.7,-0.1,-1.1,8.6,-0.1,-1.1,8.5,-0.1,-1.2,8.4,-0.1,-1.2,8.3,-0.1,-1.2,8.2,-0.1,-1.2,8.0,-0.2,-2.4,7.9,-0.1,-1.3,7.8,-0.1,-1.3,7.7,-0.1,-1.3,7.6,-0.1,-1.3,7.5,-0.1,-1.3,7.4,-0.1,-1.3,7.3,-0.1,-1.4,7.3,0.0,0.0,7.3,0.0,0.0,7.3,0.0,0.0,7.3,0.0,0.0,7.4,0.1,1.4,7.5,0.1,1.4
"중위 추계(기본 추계: 출산율-중위 / 기대수명-중위 / 국제순이동-중위)","- 구성비(%): 15-64세",54.8,,,54.1,-0.7,-1.3,53.8,-0.3,-0.6,53.5,-0.3,-0.6,53.3,-0.2,-0.4,53.1,-0.2,-0.4,53.0,-0.1,-0.2,53.1,0.1,0.2,53.3,0.2,0.4,53.8,0.5,0.9,54.4,0.6,1.1,54.9,0.5,0.9,55.5,0.6,1.1,56.2,0.7,1.3,57.0,0.8,1.4,58.0,1.0,1.8,59.0,1.0,1.7,60.0,1.0,1.7,60.9,0.9,1.5,61.6,0.7,1.1,62.2,0.6,1.0,62.8,0.6,1.0,63.3,0.5,0.8,63.9,0.6,0.9,64.7,0.8,1.3,65.6,0.9,1.4,66.4,0.8,1.2,67.3,0.9,1.4,68.0,0.7,1.0,68.6,0.6,0.9,69.3,0.7,1.0,69.7,0.4,0.6,70.0,0.3,0.4,70.2,0.2,0.3,70.4,0.2,0.3,70.7,0.3,0.4,71.0,0.3,0.4,71.4,0.4,0.6,71.6,0.2,0.3,71.7,0.1,0.1,71.7,0.0,0.0,71.7,0.0,0.0,71.7,0.0,0.0,71.8,0.1,0.1,71.8,0.0,0.0,71.9,0.1,0.1,72.1,0.2,0.3,72.3,0.2,0.3,72.5,0.2,0.3,72.8,0.3,0.4,73.1,0.3,0.4,73.4,0.3,0.4,73.4,0.0,0.0,73.4,0.0,0.0,73.4,0.0,0.0,73.4,0.0,0.0,73.4,0.0,0.0,73.2,-0.2,-0.3,72.9,-0.3,-0.4,72.7,-0.2,-0.3,72.1,-0.6,-0.8,71.6,-0.5,-0.7,71.0,-0.6,-0.8,70.5,-0.5,-0.7,70.0,-0.5,-0.7,69.2,-0.8,-1.1,68.4,-0.8,-1.2,67.9,-0.5,-0.7,67.2,-0.7,-1.0,66.7,-0.5,-0.7,66.0,-0.7,-1.0,65.4,-0.6,-0.9,64.7,-0.7,-1.1,63.9,-0.8,-1.2,62.8,-1.1,-1.7,61.8,-1.0,-1.6,60.7,-1.1,-1.8,59.7,-1.0,-1.6,58.7,-1.0,-1.7,57.7,-1.0,-1.7,56.8,-0.9,-1.6,56.1,-0.7,-1.2,55.5,-0.6,-1.1,54.8,-0.7,-1.3,54.2,-0.6,-1.1,53.5,-0.7,-1.3,52.8,-0.7,-1.3,52.2,-0.6,-1.1,51.6,-0.6,-1.1,51.3,-0.3,-0.6,51.1,-0.2,-0.4,50.9,-0.2,-0.4,50.7,-0.2,-0.4,50.6,-0.1,-0.2,50.4,-0.2,-0.4,50.2,-0.2,-0.4,49.9,-0.3,-0.6,49.6,-0.3,-0.6,49.2,-0.4,-0.8,48.8,-0.4,-0.8,48.5,-0.3,-0.6,48.1,-0.4,-0.8,47.7,-0.4,-0.8,47.4,-0.3,-0.6,47.1,-0.3,-0.6,46.8,-0.3,-0.6,46.5,-0.3,-0.6,46.3,-0.2,-0.4,46.3,0.0,0.0,46.2,-0.1,-0.2,46.1,-0.1,-0.2
"중위 추계(기본 추계: 출산율-중위 / 기대수명-중위 / 국제순이동-중위)","- 구성비(%): 65세 이상",2.9,,,2.9,0.0,0.0,3.0,0.1,3.4,3.0,0.0,0.0,3.0,0.0,0.0,3.1,0.1,3.3,3.1,0.0,0.0,3.1,0.0,0.0,3.0,-0.1,-3.2,3.0,0.0,0.0,3.1,0.1,3.3,3.2,0.1,3.2,3.1,-0.1,-3.1,3.2,0.1,3.2,3.2,0.0,0.0,3.5,0.3,9.4,3.5,0.0,0.0,3.6,0.1,2.9,3.7,0.1,2.8,3.7,0.0,0.0,3.8,0.1,2.7,3.9,0.1,2.6,4.0,0.1,2.6,4.0,0.0,0.0,4.1,0.1,2.5,4.3,0.2,4.9,4.4,0.1,2.3,4.5,0.1,2.3,4.7,0.2,4.4,4.8,0.1,2.1,5.1,0.3,6.3,5.2,0.1,2.0,5.4,0.2,3.8,5.5,0.1,1.9,5.7,0.2,3.6,5.9,0.2,3.5,6.1,0.2,3.4,6.4,0.3,4.9,6.6,0.2,3.1,6.9,0.3,4.5,7.2,0.3,4.3,7.5,0.3,4.2,7.9,0.4,5.3,8.2,0.3,3.8,8.6,0.4,4.9,9.0,0.4,4.7,9.3,0.3,3.3,9.8,0.5,5.4,10.2,0.4,4.1,10.5,0.3,2.9,10.8,0.3,2.9,11.0,0.2,1.9,11.5,0.5,4.5,11.9,0.4,3.5,12.4,0.5,4.2,12.8,0.4,3.2,13.2,0.4,3.1,13.8,0.6,4.5,14.3,0.5,3.6,14.9,0.6,4.2,15.7,0.8,5.4,16.6,0.9,5.7,17.5,0.9,5.4,18.4,0.9,5.1,19.4,1.0,5.4,20.6,1.2,6.2,21.8,1.2,5.8,22.7,0.9,4.1,23.8,1.1,4.8,24.6,0.8,3.4,25.5,0.9,3.7,26.4,0.9,3.5,27.2,0.8,3.0,28.1,0.9,3.3,29.1,1.0,3.6,30.1,1.0,3.4,31.0,0.9,3.0,31.9,0.9,2.9,32.8,0.9,2.8,33.7,0.9,2.7,34.4,0.7,2.1,35.0,0.6,1.7,35.5,0.5,1.4,36.1,0.6,1.7,36.7,0.6,1.7,37.4,0.7,1.9,38.1,0.7,1.9,38.8,0.7,1.8,39.4,0.6,1.5,39.8,0.4,1.0,40.1,0.3,0.8,40.4,0.3,0.7,40.7,0.3,0.7,41.0,0.3,0.7,41.2,0.2,0.5,41.6,0.4,1.0,41.9,0.3,0.7,42.4,0.5,1.2,42.9,0.5,1.2,43.4,0.5,1.2,43.8,0.4,0.9,44.3,0.5,1.1,44.8,0.5,1.1,45.2,0.4,0.9,45.6,0.4,0.9,45.9,0.3,0.7,46.2,0.3,0.7,46.4,0.2,0.4,46.4,0.0,0.0,46.4,0.0,0.0,46.4,0.0,0.0
"중위 추계(기본 추계: 출산율-중위 / 기대수명-중위 / 국제순이동-중위)","총부양비",82.6,,,84.7,2.1,2.5,86.0,1.3,1.5,86.8,0.8,0.9,87.5,0.7,0.8,88.3,0.8,0.9,88.8,0.5,0.6,88.3,-0.5,-0.6,87.5,-0.8,-0.9,86.0,-1.5,-1.7,83.8,-2.2,-2.6,82.0,-1.8,-2.1,80.1,-1.9,-2.3,77.8,-2.3,-2.9,75.4,-2.4,-3.1,72.5,-2.9,-3.8,69.5,-3.0,-4.1,66.8,-2.7,-3.9,64.3,-2.5,-3.7,62.3,-2.0,-3.1,60.7,-1.6,-2.6,59.4,-1.3,-2.1,58.1,-1.3,-2.2,56.5,-1.6,-2.8,54.6,-1.9,-3.4,52.5,-2.1,-3.8,50.5,-2.0,-3.8,48.7,-1.8,-3.6,47.1,-1.6,-3.3,45.7,-1.4,-3.0,44.3,-1.4,-3.1,43.5,-0.8,-1.8,42.9,-0.6,-1.4,42.5,-0.4,-0.9,42.0,-0.5,-1.2,41.4,-0.6,-1.4,40.8,-0.6,-1.4,40.1,-0.7,-1.7,39.7,-0.4,-1.0,39.5,-0.2,-0.5,39.5,0.0,0.0,39.5,0.0,0.0,39.5,0.0,0.0,39.4,-0.1,-0.3,39.3,-0.1,-0.3,39.1,-0.2,-0.5,38.7,-0.4,-1.0,38.3,-0.4,-1.0,37.8,-0.5,-1.3,37.3,-0.5,-1.3,36.9,-0.4,-1.1,36.3,-0.6,-1.6,36.2,-0.1,-0.3,36.2,0.0,0.0,36.2,0.0,0.0,36.2,0.0,0.0,36.2,0.0,0.0,36.7,0.5,1.4,37.1,0.4,1.1,37.6,0.5,1.3,38.7,1.1,2.9,39.7,1.0,2.6,40.8,1.1,2.8,41.8,1.0,2.5,42.9,1.1,2.6,44.5,1.6,3.7,46.1,1.6,3.6,47.3,1.2,2.6,48.8,1.5,3.2,49.9,1.1,2.3,51.4,1.5,3.0,52.9,1.5,2.9,54.6,1.7,3.2,56.6,2.0,3.7,59.2,2.6,4.6,61.8,2.6,4.4,64.7,2.9,4.7,67.6,2.9,4.5,70.5,2.9,4.3,73.4,2.9,4.1,76.0,2.6,3.5,78.2,2.2,2.9,80.3,2.1,2.7,82.4,2.1,2.6,84.4,2.0,2.4,86.9,2.5,3.0,89.3,2.4,2.8,91.7,2.4,2.7,93.6,1.9,2.1,95.0,1.4,1.5,95.8,0.8,0.8,96.6,0.8,0.8,97.2,0.6,0.6,97.8,0.6,0.6,98.5,0.7,0.7,99.3,0.8,0.8,100.2,0.9,0.9,101.7,1.5,1.5,103.3,1.6,1.6,104.8,1.5,1.5,106.3,1.5,1.4,107.9,1.6,1.5,109.4,1.5,1.4,110.9,1.5,1.4,112.2,1.3,1.2,113.8,1.6,1.4,115.2,1.4,1.2,115.8,0.6,0.5,116.1,0.3,0.3,116.6,0.5,0.4,116.8,0.2,0.2
"중위 추계(기본 추계: 출산율-중위 / 기대수명-중위 / 국제순이동-중위)","유소년부양비",77.3,,,79.3,2.0,2.6,80.5,1.2,1.5,81.2,0.7,0.9,81.9,0.7,0.9,82.5,0.6,0.7,82.8,0.3,0.4,82.5,-0.3,-0.4,81.8,-0.7,-0.8,80.4,-1.4,-1.7,78.2,-2.2,-2.7,76.2,-2.0,-2.6,74.5,-1.7,-2.2,72.2,-2.3,-3.1,69.7,-2.5,-3.5,66.6,-3.1,-4.4,63.5,-3.1,-4.7,60.8,-2.7,-4.3,58.3,-2.5,-4.1,56.2,-2.1,-3.6,54.6,-1.6,-2.8,53.2,-1.4,-2.6,51.8,-1.4,-2.6,50.2,-1.6,-3.1,48.2,-2.0,-4.0,46.0,-2.2,-4.6,43.9,-2.1,-4.6,42.0,-1.9,-4.3,40.2,-1.8,-4.3,38.7,-1.5,-3.7,36.9,-1.8,-4.7,36.0,-0.9,-2.4,35.3,-0.7,-1.9,34.6,-0.7,-2.0,33.9,-0.7,-2.0,33.0,-0.9,-2.7,32.2,-0.8,-2.4,31.2,-1.0,-3.1,30.5,-0.7,-2.2,29.8,-0.7,-2.3,29.4,-0.4,-1.3,29.0,-0.4,-1.4,28.5,-0.5,-1.7,27.9,-0.6,-2.1,27.3,-0.6,-2.2,26.6,-0.7,-2.6,25.7,-0.9,-3.4,24.8,-0.9,-3.5,23.8,-1.0,-4.0,22.9,-0.9,-3.8,22.0,-0.9,-3.9,21.2,-0.8,-3.6,20.6,-0.6,-2.8,20.0,-0.6,-2.9,19.4,-0.6,-3.0,18.8,-0.6,-3.1,18.3,-0.5,-2.7,17.9,-0.4,-2.2,17.5,-0.4,-2.2,17.1,-0.4,-2.3,16.9,-0.2,-1.2,16.6,-0.3,-1.8,16.2,-0.4,-2.4,15.6,-0.6,-3.7,15.2,-0.4,-2.6,14.7,-0.5,-3.3,14.3,-0.4,-2.7,13.8,-0.5,-3.5,13.4,-0.4,-2.9,13.1,-0.3,-2.2,12.8,-0.3,-2.3,12.6,-0.2,-1.6,12.5,-0.1,-0.8,12.6,0.1,0.8,12.8,0.2,1.6,13.2,0.4,3.1,13.6,0.4,3.0,14.1,0.5,3.7,14.5,0.4,2.8,15.1,0.6,4.1,15.5,0.4,2.6,15.9,0.4,2.6,16.2,0.3,1.9,16.5,0.3,1.9,16.7,0.2,1.2,17.0,0.3,1.8,17.2,0.2,1.2,17.3,0.1,0.6,17.4,0.1,0.6,17.3,-0.1,-0.6,17.2,-0.1,-0.6,17.1,-0.1,-0.6,16.9,-0.2,-1.2,16.8,-0.1,-0.6,16.6,-0.2,-1.2,16.5,-0.1,-0.6,16.3,-0.2,-1.2,16.2,-0.1,-0.6,16.1,-0.1,-0.6,16.0,-0.1,-0.6,15.8,-0.2,-1.3,15.7,-0.1,-0.6,15.7,0.0,0.0,15.6,-0.1,-0.6,15.6,0.0,0.0,15.6,0.0,0.0,15.7,0.1,0.6,15.7,0.0,0.0,15.8,0.1,0.6,16.0,0.2,1.3,16.2,0.2,1.3
"중위 추계(기본 추계: 출산율-중위 / 기대수명-중위 / 국제순이동-중위)","노년부양비",5.3,,,5.4,0.1,1.9,5.5,0.1,1.9,5.6,0.1,1.8,5.7,0.1,1.8,5.8,0.1,1.8,5.9,0.1,1.7,5.8,-0.1,-1.7,5.7,-0.1,-1.7,5.6,-0.1,-1.8,5.7,0.1,1.8,5.8,0.1,1.8,5.6,-0.2,-3.4,5.6,0.0,0.0,5.7,0.1,1.8,6.0,0.3,5.3,6.0,0.0,0.0,6.0,0.0,0.0,6.0,0.0,0.0,6.1,0.1,1.7,6.1,0.0,0.0,6.2,0.1,1.6,6.3,0.1,1.6,6.3,0.0,0.0,6.4,0.1,1.6,6.5,0.1,1.6,6.6,0.1,1.5,6.7,0.1,1.5,6.9,0.2,3.0,7.0,0.1,1.4,7.4,0.4,5.7,7.5,0.1,1.4,7.7,0.2,2.7,7.9,0.2,2.6,8.1,0.2,2.5,8.3,0.2,2.5,8.6,0.3,3.6,8.9,0.3,3.5,9.3,0.4,4.5,9.6,0.3,3.2,10.1,0.5,5.2,10.5,0.4,4.0,11.0,0.5,4.8,11.5,0.5,4.5,12.0,0.5,4.3,12.5,0.5,4.2,13.0,0.5,4.0,13.5,0.5,3.8,14.0,0.5,3.7,14.4,0.4,2.9,14.8,0.4,2.8,15.0,0.2,1.4,15.6,0.6,4.0,16.3,0.7,4.5,16.8,0.5,3.1,17.5,0.7,4.2,18.0,0.5,2.9,18.8,0.8,4.4,19.6,0.8,4.3,20.4,0.8,4.1,21.8,1.4,6.9,23.1,1.3,6.0,24.6,1.5,6.5,26.1,1.5,6.1,27.8,1.7,6.5,29.7,1.9,6.8,31.8,2.1,7.1,33.5,1.7,5.3,35.4,1.9,5.7,36.9,1.5,4.2,38.6,1.7,4.6,40.4,1.8,4.7,42.1,1.7,4.2,44.0,1.9,4.5,46.4,2.4,5.5,48.6,2.2,4.7,51.1,2.5,5.1,53.5,2.4,4.7,55.9,2.4,4.5,58.4,2.5,4.5,60.5,2.1,3.6,62.3,1.8,3.0,64.1,1.8,2.9,65.8,1.7,2.7,67.6,1.8,2.7,69.9,2.3,3.4,72.1,2.2,3.1,74.4,2.3,3.2,76.2,1.8,2.4,77.6,1.4,1.8,78.6,1.0,1.3,79.5,0.9,1.1,80.3,0.8,1.0,81.0,0.7,0.9,81.9,0.9,1.1,82.8,0.9,1.1,83.9,1.1,1.3,85.5,1.6,1.9,87.2,1.7,2.0,88.8,1.6,1.8,90.4,1.6,1.8,92.2,1.8,2.0,93.8,1.6,1.7,95.4,1.6,1.7,96.7,1.3,1.4,98.2,1.5,1.6,99.5,1.3,1.3,100.1,0.6,0.6,100.3,0.2,0.2,100.6,0.3,0.3,100.6,0.0,0.0
"중위 추계(기본 추계: 출산율-중위 / 기대수명-중위 / 국제순이동-중위)","노령화지수",6.9,,,6.8,-0.1,-1.4,6.8,0.0,0.0,6.9,0.1,1.5,6.9,0.0,0.0,7.0,0.1,1.4,7.2,0.2,2.9,7.0,-0.2,-2.8,6.9,-0.1,-1.4,7.0,0.1,1.4,7.2,0.2,2.9,7.7,0.5,6.9,7.5,-0.2,-2.6,7.8,0.3,4.0,8.1,0.3,3.8,8.9,0.8,9.9,9.4,0.5,5.6,9.9,0.5,5.3,10.3,0.4,4.0,10.8,0.5,4.9,11.2,0.4,3.7,11.6,0.4,3.6,12.1,0.5,4.3,12.6,0.5,4.1,13.3,0.7,5.6,14.2,0.9,6.8,15.0,0.8,5.6,16.0,1.0,6.7,17.1,1.1,6.9,18.2,1.1,6.4,20.0,1.8,9.9,20.9,0.9,4.5,21.7,0.8,3.8,22.7,1.0,4.6,23.9,1.2,5.3,25.2,1.3,5.4,26.9,1.7,6.7,28.6,1.7,6.3,30.4,1.8,6.3,32.3,1.9,6.3,34.3,2.0,6.2,36.2,1.9,5.5,38.6,2.4,6.6,41.1,2.5,6.5,43.8,2.7,6.6,46.8,3.0,6.8,50.4,3.6,7.7,54.6,4.2,8.3,58.8,4.2,7.7,62.9,4.1,7.0,67.2,4.3,6.8,71.0,3.8,5.7,76.1,5.1,7.2,81.5,5.4,7.1,87.0,5.5,6.7,93.0,6.0,6.9,98.4,5.4,5.8,105.1,6.7,6.8,111.7,6.6,6.3,119.2,7.5,6.7,129.3,10.1,8.5,139.5,10.2,7.9,152.0,12.5,9.0,167.1,15.1,9.9,183.2,16.1,9.6,201.5,18.3,10.0,223.0,21.5,10.7,242.6,19.6,8.8,263.9,21.3,8.8,281.5,17.6,6.7,301.6,20.1,7.1,320.9,19.3,6.4,336.6,15.7,4.9,349.4,12.8,3.8,361.4,12.0,3.4,369.1,7.7,2.1,375.8,6.7,1.8,380.8,5.0,1.3,384.8,4.0,1.1,387.8,3.0,0.8,389.5,1.7,0.4,391.6,2.1,0.5,394.5,2.9,0.7,398.6,4.1,1.0,403.9,5.3,1.3,411.6,7.7,1.9,420.2,8.6,2.1,429.7,9.5,2.3,439.0,9.3,2.2,447.7,8.7,2.0,456.2,8.5,1.9,465.3,9.1,2.0,474.1,8.8,1.9,482.9,8.8,1.9,492.3,9.4,1.9,502.7,10.4,2.1,513.8,11.1,2.2,527.2,13.4,2.6,541.5,14.3,2.7,556.0,14.5,2.7,570.6,14.6,2.6,585.4,14.8,2.6,599.2,13.8,2.4,611.6,12.4,2.1,621.5,9.9,1.6,630.0,8.5,1.4,635.6,5.6,0.9,636.1,0.5,0.1,633.2,-2.9,-0.5,628.2,-5.0,-0.8,620.6,-7.6,-1.2
"중위 추계(기본 추계: 출산율-중위 / 기대수명-중위 / 국제순이동-중위)","중위연령(세)",19.0,,,18.9,-0.1,-0.5,18.7,-0.2,-1.1,18.5,-0.2,-1.1,18.3,-0.2,-1.1,18.3,0.0,0.0,18.3,0.0,0.0,18.3,0.0,0.0,18.3,0.0,0.0,18.4,0.1,0.5,18.5,0.1,0.5,18.6,0.1,0.5,18.7,0.1,0.5,18.9,0.2,1.1,19.2,0.3,1.6,19.6,0.4,2.1,20.0,0.4,2.0,20.5,0.5,2.5,20.9,0.4,2.0,21.4,0.5,2.4,21.8,0.4,1.9,22.2,0.4,1.8,22.7,0.5,2.3,23.2,0.5,2.2,23.8,0.6,2.6,24.3,0.5,2.1,24.8,0.5,2.1,25.4,0.6,2.4,25.9,0.5,2.0,26.4,0.5,1.9,27.0,0.6,2.3,27.5,0.5,1.9,27.9,0.4,1.5,28.4,0.5,1.8,28.8,0.4,1.4,29.3,0.5,1.7,29.8,0.5,1.7,30.3,0.5,1.7,30.7,0.4,1.3,31.2,0.5,1.6,31.8,0.6,1.9,32.3,0.5,1.6,32.9,0.6,1.9,33.5,0.6,1.8,34.1,0.6,1.8,34.8,0.7,2.1,35.4,0.6,1.7,36.1,0.7,2.0,36.7,0.6,1.7,37.3,0.6,1.6,37.9,0.6,1.6,38.5,0.6,1.6,39.1,0.6,1.6,39.7,0.6,1.5,40.3,0.6,1.5,40.9,0.6,1.5,41.4,0.5,1.2,42.0,0.6,1.4,42.6,0.6,1.4,43.1,0.5,1.2,43.7,0.6,1.4,44.3,0.6,1.4,45.0,0.7,1.6,45.6,0.6,1.3,46.3,0.7,1.5,46.9,0.6,1.3,47.5,0.6,1.3,48.0,0.5,1.1,48.6,0.6,1.3,49.2,0.6,1.2,49.8,0.6,1.2,50.4,0.6,1.2,50.9,0.5,1.0,51.5,0.6,1.2,52.0,0.5,1.0,52.5,0.5,1.0,53.0,0.5,1.0,53.4,0.4,0.8,53.8,0.4,0.7,54.2,0.4,0.7,54.6,0.4,0.7,55.0,0.4,0.7,55.3,0.3,0.5,55.6,0.3,0.5,55.9,0.3,0.5,56.3,0.4,0.7,56.6,0.3,0.5,56.9,0.3,0.5,57.2,0.3,0.5,57.5,0.3,0.5,57.9,0.4,0.7,58.3,0.4,0.7,58.6,0.3,0.5,59.0,0.4,0.7,59.3,0.3,0.5,59.6,0.3,0.5,60.0,0.4,0.7,60.3,0.3,0.5,60.6,0.3,0.5,60.9,0.3,0.5,61.2,0.3,0.5,61.4,0.2,0.3,61.7,0.3,0.5,61.9,0.2,0.3,62.0,0.1,0.2,62.1,0.1,0.2,62.1,0.0,0.0,62.1,0.0,0.0,62.1,0.0,0.0,62.1,0.0,0.0,62.2,0.1,0.2
"중위 추계(기본 추계: 출산율-중위 / 기대수명-중위 / 국제순이동-중위)","중위연령(세)-남자",18.2,,,18.0,-0.2,-1.1,17.9,-0.1,-0.6,17.7,-0.2,-1.1,17.6,-0.1,-0.6,17.6,0.0,0.0,17.6,0.0,0.0,17.6,0.0,0.0,17.6,0.0,0.0,17.7,0.1,0.6,17.9,0.2,1.1,18.0,0.1,0.6,18.0,0.0,0.0,18.3,0.3,1.7,18.5,0.2,1.1,18.9,0.4,2.2,19.4,0.5,2.6,19.9,0.5,2.6,20.3,0.4,2.0,20.8,0.5,2.5,21.2,0.4,1.9,21.7,0.5,2.4,22.2,0.5,2.3,22.7,0.5,2.3,23.2,0.5,2.2,23.8,0.6,2.6,24.3,0.5,2.1,24.8,0.5,2.1,25.3,0.5,2.0,25.8,0.5,2.0,26.3,0.5,1.9,26.7,0.4,1.5,27.1,0.4,1.5,27.6,0.5,1.8,28.0,0.4,1.4,28.4,0.4,1.4,28.9,0.5,1.8,29.4,0.5,1.7,29.8,0.4,1.4,30.3,0.5,1.7,30.8,0.5,1.7,31.4,0.6,1.9,32.0,0.6,1.9,32.6,0.6,1.9,33.2,0.6,1.8,33.8,0.6,1.8,34.4,0.6,1.8,35.1,0.7,2.0,35.7,0.6,1.7,36.3,0.6,1.7,36.9,0.6,1.7,37.5,0.6,1.6,38.0,0.5,1.3,38.5,0.5,1.3,39.1,0.6,1.6,39.6,0.5,1.3,40.1,0.5,1.3,40.7,0.6,1.5,41.2,0.5,1.2,41.7,0.5,1.2,42.3,0.6,1.4,43.0,0.7,1.7,43.6,0.6,1.4,44.2,0.6,1.4,44.9,0.7,1.6,45.5,0.6,1.3,46.1,0.6,1.3,46.7,0.6,1.3,47.3,0.6,1.3,47.9,0.6,1.3,48.5,0.6,1.3,49.0,0.5,1.0,49.6,0.6,1.2,50.1,0.5,1.0,50.5,0.4,0.8,51.0,0.5,1.0,51.4,0.4,0.8,51.8,0.4,0.8,52.2,0.4,0.8,52.5,0.3,0.6,52.9,0.4,0.8,53.2,0.3,0.6,53.6,0.4,0.8,53.9,0.3,0.6,54.3,0.4,0.7,54.6,0.3,0.6,55.0,0.4,0.7,55.4,0.4,0.7,55.8,0.4,0.7,56.2,0.4,0.7,56.5,0.3,0.5,56.9,0.4,0.7,57.3,0.4,0.7,57.7,0.4,0.7,58.0,0.3,0.5,58.4,0.4,0.7,58.7,0.3,0.5,59.0,0.3,0.5,59.3,0.3,0.5,59.6,0.3,0.5,59.9,0.3,0.5,60.2,0.3,0.5,60.4,0.2,0.3,60.5,0.1,0.2,60.6,0.1,0.2,60.7,0.1,0.2,60.8,0.1,0.2,60.8,0.0,0.0,60.9,0.1,0.2,61.0,0.1,0.2,61.0,0.0,0.0
"중위 추계(기본 추계: 출산율-중위 / 기대수명-중위 / 국제순이동-중위)","중위연령(세)-여자",19.8,,,19.7,-0.1,-0.5,19.6,-0.1,-0.5,19.4,-0.2,-1.0,19.2,-0.2,-1.0,19.1,-0.1,-0.5,19.1,0.0,0.0,19.1,0.0,0.0,19.1,0.0,0.0,19.1,0.0,0.0,19.2,0.1,0.5,19.4,0.2,1.0,19.4,0.0,0.0,19.6,0.2,1.0,19.9,0.3,1.5,20.3,0.4,2.0,20.8,0.5,2.5,21.2,0.4,1.9,21.6,0.4,1.9,22.0,0.4,1.9,22.4,0.4,1.8,22.8,0.4,1.8,23.3,0.5,2.2,23.8,0.5,2.1,24.3,0.5,2.1,24.9,0.6,2.5,25.4,0.5,2.0,26.0,0.6,2.4,26.5,0.5,1.9,27.1,0.6,2.3,27.7,0.6,2.2,28.2,0.5,1.8,28.7,0.5,1.8,29.2,0.5,1.7,29.7,0.5,1.7,30.2,0.5,1.7,30.7,0.5,1.7,31.2,0.5,1.6,31.7,0.5,1.6,32.2,0.5,1.6,32.7,0.5,1.6,33.3,0.6,1.8,33.9,0.6,1.8,34.5,0.6,1.8,35.1,0.6,1.7,35.8,0.7,2.0,36.5,0.7,2.0,37.1,0.6,1.6,37.8,0.7,1.9,38.4,0.6,1.6,39.0,0.6,1.6,39.6,0.6,1.5,40.2,0.6,1.5,40.8,0.6,1.5,41.5,0.7,1.7,42.1,0.6,1.4,42.7,0.6,1.4,43.3,0.6,1.4,43.9,0.6,1.4,44.5,0.6,1.4,45.1,0.6,1.3,45.8,0.7,1.6,46.5,0.7,1.5,47.1,0.6,1.3,47.7,0.6,1.3,48.4,0.7,1.5,48.9,0.5,1.0,49.5,0.6,1.2,50.1,0.6,1.2,50.6,0.5,1.0,51.2,0.6,1.2,51.7,0.5,1.0,52.3,0.6,1.2,52.9,0.6,1.1,53.4,0.5,0.9,53.9,0.5,0.9,54.4,0.5,0.9,55.0,0.6,1.1,55.5,0.5,0.9,55.9,0.4,0.7,56.3,0.4,0.7,56.7,0.4,0.7,57.1,0.4,0.7,57.4,0.3,0.5,57.8,0.4,0.7,58.1,0.3,0.5,58.4,0.3,0.5,58.6,0.2,0.3,58.9,0.3,0.5,59.2,0.3,0.5,59.5,0.3,0.5,59.7,0.2,0.3,60.1,0.4,0.7,60.4,0.3,0.5,60.7,0.3,0.5,61.0,0.3,0.5,61.3,0.3,0.5,61.6,0.3,0.5,61.9,0.3,0.5,62.2,0.3,0.5,62.4,0.2,0.3,62.7,0.3,0.5,62.9,0.2,0.3,63.1,0.2,0.3,63.3,0.2,0.3,63.5,0.2,0.3,63.5,0.0,0.0,63.5,0.0,0.0,63.5,0.0,0.0,63.4,-0.1,-0.2,63.4,0.0,0.0
"중위 추계(기본 추계: 출산율-중위 / 기대수명-중위 / 국제순이동-중위)","평균연령(세)",23.1,,,22.9,-0.2,-0.9,22.9,0.0,0.0,22.9,0.0,0.0,22.9,0.0,0.0,23.0,0.1,0.4,23.1,0.1,0.4,23.1,0.0,0.0,23.2,0.1,0.4,23.4,0.2,0.9,23.6,0.2,0.9,23.8,0.2,0.8,23.8,0.0,0.0,23.9,0.1,0.4,24.1,0.2,0.8,24.5,0.4,1.7,24.8,0.3,1.2,25.1,0.3,1.2,25.4,0.3,1.2,25.7,0.3,1.2,25.9,0.2,0.8,26.2,0.3,1.2,26.5,0.3,1.1,26.8,0.3,1.1,27.1,0.3,1.1,27.5,0.4,1.5,27.9,0.4,1.5,28.3,0.4,1.4,28.7,0.4,1.4,29.0,0.3,1.0,29.5,0.5,1.7,29.8,0.3,1.0,30.2,0.4,1.3,30.5,0.3,1.0,30.8,0.3,1.0,31.2,0.4,1.3,31.5,0.3,1.0,31.9,0.4,1.3,32.3,0.4,1.3,32.7,0.4,1.2,33.1,0.4,1.2,33.5,0.4,1.2,34.0,0.5,1.5,34.5,0.5,1.5,34.9,0.4,1.2,35.5,0.6,1.7,36.0,0.5,1.4,36.5,0.5,1.4,37.0,0.5,1.4,37.4,0.4,1.1,37.9,0.5,1.3,38.4,0.5,1.3,38.8,0.4,1.0,39.3,0.5,1.3,39.7,0.4,1.0,40.2,0.5,1.3,40.7,0.5,1.2,41.2,0.5,1.2,41.7,0.5,1.2,42.2,0.5,1.2,42.7,0.5,1.2,43.3,0.6,1.4,43.9,0.6,1.4,44.5,0.6,1.4,45.1,0.6,1.3,45.6,0.5,1.1,46.2,0.6,1.3,46.7,0.5,1.1,47.2,0.5,1.1,47.6,0.4,0.8,48.1,0.5,1.1,48.5,0.4,0.8,48.9,0.4,0.8,49.3,0.4,0.8,49.7,0.4,0.8,50.1,0.4,0.8,50.5,0.4,0.8,50.8,0.3,0.6,51.2,0.4,0.8,51.5,0.3,0.6,51.9,0.4,0.8,52.2,0.3,0.6,52.6,0.4,0.8,52.9,0.3,0.6,53.2,0.3,0.6,53.5,0.3,0.6,53.8,0.3,0.6,54.0,0.2,0.4,54.3,0.3,0.6,54.5,0.2,0.4,54.8,0.3,0.6,55.0,0.2,0.4,55.2,0.2,0.4,55.4,0.2,0.4,55.6,0.2,0.4,55.8,0.2,0.4,56.0,0.2,0.4,56.2,0.2,0.4,56.4,0.2,0.4,56.5,0.1,0.2,56.7,0.2,0.4,56.8,0.1,0.2,57.0,0.2,0.4,57.1,0.1,0.2,57.2,0.1,0.2,57.3,0.1,0.2,57.3,0.0,0.0,57.4,0.1,0.2,57.4,0.0,0.0,57.5,0.1,0.2,57.5,0.0,0.0
"중위 추계(기본 추계: 출산율-중위 / 기대수명-중위 / 국제순이동-중위)","평균연령(세)-남자",22.3,,,22.2,-0.1,-0.4,22.1,-0.1,-0.5,22.1,0.0,0.0,22.1,0.0,0.0,22.2,0.1,0.5,22.3,0.1,0.5,22.4,0.1,0.4,22.5,0.1,0.4,22.7,0.2,0.9,22.8,0.1,0.4,23.0,0.2,0.9,23.0,0.0,0.0,23.1,0.1,0.4,23.2,0.1,0.4,23.5,0.3,1.3,23.8,0.3,1.3,24.2,0.4,1.7,24.5,0.3,1.2,24.8,0.3,1.2,25.0,0.2,0.8,25.3,0.3,1.2,25.6,0.3,1.2,25.9,0.3,1.2,26.2,0.3,1.2,26.6,0.4,1.5,27.0,0.4,1.5,27.4,0.4,1.5,27.7,0.3,1.1,28.1,0.4,1.4,28.5,0.4,1.4,28.8,0.3,1.1,29.1,0.3,1.0,29.4,0.3,1.0,29.7,0.3,1.0,30.1,0.4,1.3,30.4,0.3,1.0,30.8,0.4,1.3,31.1,0.3,1.0,31.5,0.4,1.3,31.9,0.4,1.3,32.3,0.4,1.3,32.8,0.5,1.5,33.3,0.5,1.5,33.8,0.5,1.5,34.3,0.5,1.5,34.8,0.5,1.5,35.3,0.5,1.4,35.8,0.5,1.4,36.3,0.5,1.4,36.7,0.4,1.1,37.2,0.5,1.4,37.6,0.4,1.1,38.1,0.5,1.3,38.5,0.4,1.0,39.0,0.5,1.3,39.5,0.5,1.3,40.0,0.5,1.3,40.5,0.5,1.3,41.0,0.5,1.2,41.5,0.5,1.2,42.1,0.6,1.4,42.7,0.6,1.4,43.3,0.6,1.4,43.9,0.6,1.4,44.4,0.5,1.1,45.0,0.6,1.4,45.5,0.5,1.1,46.0,0.5,1.1,46.4,0.4,0.9,46.9,0.5,1.1,47.3,0.4,0.9,47.7,0.4,0.8,48.1,0.4,0.8,48.5,0.4,0.8,48.9,0.4,0.8,49.2,0.3,0.6,49.6,0.4,0.8,50.0,0.4,0.8,50.3,0.3,0.6,50.7,0.4,0.8,51.0,0.3,0.6,51.3,0.3,0.6,51.6,0.3,0.6,51.9,0.3,0.6,52.2,0.3,0.6,52.5,0.3,0.6,52.7,0.2,0.4,53.0,0.3,0.6,53.2,0.2,0.4,53.4,0.2,0.4,53.7,0.3,0.6,53.9,0.2,0.4,54.1,0.2,0.4,54.3,0.2,0.4,54.5,0.2,0.4,54.7,0.2,0.4,54.9,0.2,0.4,55.1,0.2,0.4,55.2,0.1,0.2,55.4,0.2,0.4,55.6,0.2,0.4,55.7,0.1,0.2,55.8,0.1,0.2,55.9,0.1,0.2,56.0,0.1,0.2,56.1,0.1,0.2,56.2,0.1,0.2,56.3,0.1,0.2,56.3,0.0,0.0,56.4,0.1,0.2
"중위 추계(기본 추계: 출산율-중위 / 기대수명-중위 / 국제순이동-중위)","평균연령(세)-여자",23.9,,,23.7,-0.2,-0.8,23.7,0.0,0.0,23.7,0.0,0.0,23.7,0.0,0.0,23.8,0.1,0.4,23.9,0.1,0.4,23.9,0.0,0.0,24.0,0.1,0.4,24.1,0.1,0.4,24.3,0.2,0.8,24.6,0.3,1.2,24.6,0.0,0.0,24.8,0.2,0.8,25.0,0.2,0.8,25.4,0.4,1.6,25.7,0.3,1.2,26.0,0.3,1.2,26.3,0.3,1.2,26.6,0.3,1.1,26.8,0.2,0.8,27.1,0.3,1.1,27.3,0.2,0.7,27.7,0.4,1.5,28.0,0.3,1.1,28.4,0.4,1.4,28.8,0.4,1.4,29.2,0.4,1.4,29.6,0.4,1.4,30.0,0.4,1.4,30.5,0.5,1.7,30.9,0.4,1.3,31.3,0.4,1.3,31.6,0.3,1.0,32.0,0.4,1.3,32.3,0.3,0.9,32.7,0.4,1.2,33.1,0.4,1.2,33.4,0.3,0.9,33.8,0.4,1.2,34.3,0.5,1.5,34.7,0.4,1.2,35.2,0.5,1.4,35.6,0.4,1.1,36.1,0.5,1.4,36.6,0.5,1.4,37.2,0.6,1.6,37.7,0.5,1.3,38.1,0.4,1.1,38.6,0.5,1.3,39.1,0.5,1.3,39.6,0.5,1.3,40.0,0.4,1.0,40.5,0.5,1.3,40.9,0.4,1.0,41.4,0.5,1.2,41.9,0.5,1.2,42.4,0.5,1.2,42.9,0.5,1.2,43.4,0.5,1.2,43.9,0.5,1.2,44.5,0.6,1.4,45.1,0.6,1.3,45.7,0.6,1.3,46.3,0.6,1.3,46.8,0.5,1.1,47.4,0.6,1.3,47.9,0.5,1.1,48.4,0.5,1.0,48.8,0.4,0.8,49.3,0.5,1.0,49.7,0.4,0.8,50.1,0.4,0.8,50.5,0.4,0.8,50.9,0.4,0.8,51.3,0.4,0.8,51.7,0.4,0.8,52.0,0.3,0.6,52.4,0.4,0.8,52.8,0.4,0.8,53.1,0.3,0.6,53.5,0.4,0.8,53.8,0.3,0.6,54.1,0.3,0.6,54.4,0.3,0.6,54.7,0.3,0.6,55.0,0.3,0.5,55.3,0.3,0.5,55.6,0.3,0.5,55.8,0.2,0.4,56.1,0.3,0.5,56.3,0.2,0.4,56.5,0.2,0.4,56.7,0.2,0.4,56.9,0.2,0.4,57.1,0.2,0.4,57.3,0.2,0.4,57.5,0.2,0.3,57.7,0.2,0.3,57.8,0.1,0.2,58.0,0.2,0.3,58.1,0.1,0.2,58.2,0.1,0.2,58.3,0.1,0.2,58.4,0.1,0.2,58.5,0.1,0.2,58.5,0.0,0.0,58.6,0.1,0.2,58.6,0.0,0.0,58.6,0.0,0.0,58.6,0.0,0.0
