공휴일후,종류,식사가능인원,출장자수,월,공휴일전,연차쓰기좋은날,일,야근수,휴가자수,석식계,반찬1,요일,재택근무자수,국,정원수,메인메뉴범주_조림,메인메뉴범주_찜,메인메뉴범주_샐러드,메인메뉴범주_국물,메인메뉴범주_튀김,메인메뉴범주_볶음,연,메인메뉴범주_구이
0,한식,2401.0,150,2,0,0,1,238,50,331,2,1,0,3,2601,0,0,0,0,0,0,2016,1
0,중식,2378.0,173,2,0,0,2,319,50,560,6,2,0,5,2601,1,0,0,0,0,0,2016,0
0,한식,2365.0,180,2,0,0,3,111,56,573,2,3,0,4,2601,0,0,0,0,0,0,2016,1
0,양식,2277.0,220,2,0,0,4,355,104,525,3,4,0,2,2601,0,0,1,0,0,0,2016,0
0,한식,2142.0,181,2,1,1,5,34,278,330,5,5,0,3,2601,0,0,0,0,0,1,2016,0
1,일식,2075.0,143,2,0,1,11,417,383,550,3,4,0,4,2601,0,0,0,0,1,0,2016,0
0,한식,2056.0,156,2,0,0,12,93,389,598,1,5,0,4,2601,0,0,0,0,0,0,2016,1
0,한식,2310.0,204,2,0,0,15,482,87,672,7,1,0,5,2601,0,1,0,0,0,0,2016,0
0,한식,2293.0,236,2,0,0,16,526,72,523,8,2,0,4,2601,0,0,0,0,0,1,2016,0
0,중식,2273.0,250,2,0,0,17,23,78,588,2,3,0,4,2601,0,0,0,0,0,0,2016,1
0,한식,2270.0,254,2,0,0,18,367,77,489,2,4,0,4,2601,1,0,0,0,0,0,2016,0
0,한식,2204.0,252,2,0,0,19,69,145,597,3,5,0,3,2601,0,0,0,0,0,0,2016,1
0,한식,2304.0,207,2,0,0,22,434,90,645,4,1,0,4,2601,1,0,0,0,0,0,2016,0
0,일식,2307.0,237,2,0,0,23,488,57,610,2,2,0,4,2601,0,0,0,0,1,0,2016,0
0,한식,2315.0,232,2,0,0,24,14,54,514,7,3,0,4,2601,0,1,0,0,0,0,2016,0
0,일식,2284.0,261,2,0,0,25,335,56,531,3,4,0,2,2601,0,0,0,0,1,0,2016,0
0,한식,2179.0,278,2,0,0,26,42,144,585,2,5,0,3,2601,0,0,0,0,0,0,2016,1
0,한식,1838.0,168,2,1,1,29,110,595,344,2,1,0,4,2601,0,0,0,0,0,0,2016,1
1,한식,2315.0,182,3,0,0,2,261,127,631,8,3,0,4,2624,0,0,0,0,0,1,2016,0
0,일식,2339.0,224,3,0,0,3,351,61,473,4,4,0,2,2624,0,0,0,0,0,1,2016,0
0,한식,2294.0,247,3,0,0,4,79,83,673,1,5,0,5,2624,1,0,0,0,0,0,2016,0
0,한식,2379.0,195,3,0,0,7,456,50,625,7,1,0,5,2624,0,0,0,0,0,1,2016,0
0,일식,2365.0,212,3,0,0,8,426,47,609,1,2,0,4,2624,0,0,0,0,1,0,2016,0
0,일식,2356.0,225,3,0,0,9,0,43,523,2,3,0,3,2624,0,0,0,0,1,0,2016,0
0,중식,2324.0,245,3,0,0,10,290,55,525,3,4,0,5,2624,0,1,0,0,0,0,2016,0
0,한식,2241.0,275,3,0,0,11,76,108,591,2,5,0,4,2624,1,0,0,0,0,0,2016,0
0,한식,2380.0,183,3,0,0,14,376,61,586,5,1,0,4,2624,0,1,0,0,0,0,2016,0
0,중식,2355.0,231,3,0,0,15,399,38,545,2,2,0,4,2624,0,0,1,0,0,0,2016,0
0,한식,2361.0,213,3,0,0,16,0,50,531,2,3,0,4,2624,0,0,0,0,0,1,2016,0
0,양식,2330.0,242,3,0,0,17,327,52,548,3,4,0,1,2624,0,0,0,0,0,0,2016,1
0,한식,2229.0,277,3,0,0,18,57,118,521,3,5,0,3,2624,0,1,0,0,0,0,2016,0
0,한식,2354.0,205,3,0,0,21,329,65,605,3,1,0,4,2624,0,1,0,0,0,0,2016,0
0,중식,2375.0,208,3,0,0,22,378,41,585,3,2,0,4,2624,0,1,0,0,0,0,2016,0
0,한식,2346.0,236,3,0,0,23,0,42,544,3,3,0,5,2624,0,0,0,0,0,0,2016,1
0,일식,2320.0,251,3,0,0,24,293,53,507,3,4,0,4,2624,0,0,0,0,1,0,2016,0
0,중식,2251.0,275,3,0,0,25,59,98,523,7,5,0,4,2624,0,0,0,1,0,0,2016,0
0,중식,2350.0,197,3,0,0,28,299,77,637,6,1,0,4,2624,1,0,0,0,0,0,2016,0
0,중식,2327.0,245,3,0,0,29,259,52,465,7,2,0,4,2624,0,0,0,0,1,0,2016,0
0,한식,2346.0,230,3,0,0,30,0,48,463,7,3,0,5,2624,0,1,0,0,0,0,2016,0
0,일식,2340.0,248,3,0,0,31,158,36,526,3,4,0,2,2624,0,0,0,0,0,0,2016,1
0,중식,2286.0,254,4,0,0,1,47,103,591,5,5,0,3,2643,0,0,0,0,1,0,2016,0
0,한식,2360.0,221,4,0,0,4,367,62,614,2,1,0,4,2643,1,0,0,0,0,0,2016,0
0,중식,2370.0,242,4,0,0,5,370,31,555,3,2,0,4,2643,0,0,0,0,0,0,2016,1
0,한식,2357.0,249,4,0,0,6,0,37,492,5,3,0,4,2643,0,1,0,0,0,0,2016,0
0,일식,2338.0,258,4,0,0,7,339,47,524,3,4,0,2,2643,0,0,1,0,0,0,2016,0
0,한식,2273.0,283,4,0,0,8,64,87,542,1,5,0,5,2643,0,0,0,0,0,0,2016,1
0,한식,2358.0,203,4,0,0,11,392,82,536,2,1,0,3,2643,0,1,0,0,0,0,2016,0
0,일식,2342.0,225,4,0,0,12,239,76,500,4,2,0,4,2643,0,0,0,0,0,1,2016,0
0,한식,2285.0,252,4,0,0,14,326,106,562,2,4,0,4,2643,0,0,0,0,0,0,2016,1
0,한식,2231.0,281,4,0,0,15,82,131,582,1,5,0,4,2643,0,0,0,0,1,0,2016,0
0,중식,2337.0,225,4,0,0,18,330,81,525,6,1,0,5,2643,1,0,0,0,0,0,2016,0
0,한식,2360.0,239,4,0,0,19,387,44,449,3,2,0,4,2643,0,0,0,0,0,0,2016,1
0,한식,2334.0,262,4,0,0,20,0,47,504,5,3,0,5,2643,0,0,0,1,0,0,2016,0
0,일식,2313.0,264,4,0,0,21,312,66,531,2,4,0,4,2643,0,0,0,0,1,0,2016,0
0,중식,2218.0,275,4,0,0,22,86,150,557,2,5,0,4,2643,0,0,0,1,0,0,2016,0
0,중식,2346.0,201,4,0,0,25,281,96,528,5,1,0,5,2643,0,0,0,0,1,0,2016,0
0,중식,2365.0,227,4,0,0,26,304,51,568,8,2,0,4,2643,0,0,0,0,0,0,2016,1
0,한식,2338.0,234,4,0,0,27,0,71,490,2,3,0,4,2643,1,0,0,0,0,0,2016,0
0,일식,2318.0,269,4,0,0,28,196,56,508,3,4,0,2,2643,0,0,0,1,0,0,2016,0
0,중식,2222.0,282,4,0,0,29,28,139,507,3,5,0,4,2643,0,0,0,0,0,1,2016,0
0,한식,2341.0,214,5,0,0,2,302,80,551,8,1,0,5,2635,0,0,0,0,0,1,2016,0
0,중식,2319.0,251,5,0,0,3,292,65,515,7,2,0,4,2635,0,0,0,1,0,0,2016,0
0,일식,2241.0,244,5,1,1,4,0,150,636,1,3,0,4,2635,0,0,0,0,0,0,2016,1
1,한식,2301.0,233,5,0,1,9,344,101,591,2,1,0,3,2635,0,0,0,0,1,0,2016,0
0,중식,2330.0,252,5,0,0,10,350,53,519,3,2,0,4,2635,0,1,0,0,0,0,2016,0
0,한식,2309.0,266,5,0,0,11,0,60,423,2,3,0,4,2635,0,0,0,1,0,0,2016,0
0,양식,2290.0,274,5,0,0,12,315,71,532,3,4,0,2,2635,0,0,1,0,0,0,2016,0
0,한식,2182.0,268,5,0,0,13,80,185,517,2,5,0,3,2635,0,0,0,0,1,0,2016,0
0,한식,2320.0,216,5,0,0,16,368,99,594,6,1,0,3,2635,0,0,0,0,0,1,2016,0
0,일식,2340.0,254,5,0,0,17,377,41,633,4,2,0,2,2635,0,0,0,0,0,1,2016,0
0,한식,2307.0,257,5,0,0,18,0,71,456,2,3,0,4,2635,0,0,0,0,0,0,2016,1
0,중식,2304.0,266,5,0,0,19,264,65,529,7,4,0,4,2635,0,0,0,1,0,0,2016,0
0,한식,2179.0,287,5,0,0,20,56,169,487,2,5,0,3,2635,0,0,0,0,0,0,2016,1
0,일식,2344.0,203,5,0,0,23,362,88,613,5,1,0,4,2635,0,0,0,0,1,0,2016,0
0,일식,2327.0,234,5,0,0,24,310,74,465,3,2,0,4,2635,0,0,0,0,0,0,2016,1
0,한식,2305.0,258,5,0,0,25,0,72,454,7,3,0,4,2635,0,1,0,0,0,0,2016,0
0,중식,2286.0,285,5,0,0,26,227,64,520,3,4,0,4,2635,0,0,0,0,1,0,2016,0
0,한식,2181.0,291,5,0,0,27,61,163,493,7,5,0,5,2635,0,0,0,0,0,1,2016,0
0,한식,2347.0,215,5,0,0,30,291,73,631,1,1,0,4,2635,1,0,0,0,0,0,2016,0
0,일식,2335.0,250,5,0,0,31,185,50,535,1,2,0,2,2635,0,0,0,0,1,0,2016,0
0,한식,2317.0,245,6,0,0,1,0,75,490,8,3,0,5,2637,0,0,0,0,0,1,2016,0
0,중식,2298.0,258,6,0,0,2,301,81,483,3,4,0,4,2637,0,0,0,0,0,1,2016,0
0,일식,2178.0,268,6,1,1,3,64,191,548,1,5,0,4,2637,0,0,0,0,1,0,2016,0
1,한식,2330.0,192,6,0,1,7,389,115,629,1,2,0,4,2637,1,0,0,0,0,0,2016,0
0,한식,2339.0,240,6,0,0,8,0,58,500,2,3,0,3,2637,0,0,0,0,0,0,2016,1
0,일식,2316.0,252,6,0,0,9,359,69,506,2,4,0,2,2637,0,0,1,0,0,0,2016,0
0,한식,2216.0,270,6,0,0,10,61,151,509,8,5,0,5,2637,0,0,0,0,0,1,2016,0
0,일식,2330.0,209,6,0,0,13,415,98,590,2,1,0,4,2637,1,0,0,0,0,0,2016,0
0,일식,2340.0,241,6,0,0,14,432,56,593,9,2,0,4,2637,0,0,1,0,0,0,2016,0
0,한식,2317.0,260,6,0,0,15,0,60,535,2,3,0,3,2637,0,0,0,0,0,1,2016,0
0,일식,2301.0,263,6,0,0,16,336,73,524,5,4,0,2,2637,0,0,0,0,1,0,2016,0
0,중식,2181.0,291,6,0,0,17,60,165,484,6,5,0,3,2637,1,0,0,0,0,0,2016,0
0,한식,2279.0,257,6,0,0,20,344,101,585,8,1,0,4,2637,0,0,0,0,0,1,2016,0
0,일식,2340.0,248,6,0,0,21,349,49,645,3,2,0,2,2637,0,0,1,0,0,0,2016,0
0,한식,2332.0,258,6,0,0,22,0,47,467,3,3,0,3,2637,0,1,0,0,0,0,2016,0
0,양식,2313.0,271,6,0,0,23,346,53,588,3,4,0,1,2637,0,0,0,1,0,0,2016,0
0,한식,2184.0,284,6,0,0,24,52,169,475,2,5,0,4,2637,0,0,0,1,0,0,2016,0
0,한식,2314.0,227,6,0,0,27,300,96,609,3,1,0,4,2637,1,0,0,0,0,0,2016,0
0,중식,2321.0,253,6,0,0,28,226,63,535,3,2,0,4,2637,0,0,0,1,0,0,2016,0
0,한식,2322.0,248,6,0,0,29,0,67,487,3,3,0,4,2637,0,1,0,0,0,0,2016,0
0,일식,2314.0,247,6,0,0,30,151,76,446,3,4,0,2,2637,0,0,0,0,0,0,2016,1
0,중식,2283.0,215,7,0,0,1,41,145,513,5,5,0,3,2643,0,0,0,0,1,0,2016,0
0,한식,2365.0,190,7,0,0,4,385,88,582,5,1,0,4,2643,0,0,0,1,0,0,2016,0
0,중식,2362.0,226,7,0,0,5,376,55,551,2,2,0,4,2643,0,0,0,1,0,0,2016,0
0,한식,2363.0,224,7,0,0,6,0,56,484,2,3,0,4,2643,0,0,0,0,0,1,2016,0
0,양식,2341.0,238,7,0,0,7,340,64,494,3,4,0,1,2643,0,0,0,1,0,0,2016,0
0,중식,2228.0,260,7,0,0,8,60,155,534,3,5,0,5,2643,0,0,0,0,0,1,2016,0
0,한식,2312.0,210,7,0,0,11,366,121,630,2,1,0,4,2643,0,0,0,0,1,0,2016,0
0,중식,2348.0,223,7,0,0,12,382,72,519,1,2,0,2,2643,0,0,0,0,1,0,2016,0
0,한식,2323.0,241,7,0,0,13,0,79,483,2,3,0,3,2643,0,0,0,0,0,0,2016,1
0,한식,2307.0,252,7,0,0,14,308,84,550,3,4,0,1,2643,0,0,1,0,0,0,2016,0
0,한식,2193.0,261,7,0,0,15,55,189,503,8,5,0,5,2643,1,0,0,0,0,0,2016,0
0,일식,2309.0,208,7,0,0,18,343,126,596,2,1,0,4,2643,0,0,0,0,0,0,2016,1
0,한식,2299.0,233,7,0,0,19,263,111,424,3,2,0,4,2643,0,0,0,0,0,0,2016,1
0,한식,2281.0,238,7,0,0,20,0,124,443,5,3,0,5,2643,0,0,0,0,1,0,2016,0
0,중식,2273.0,255,7,0,0,21,263,115,446,6,4,0,4,2643,1,0,0,0,0,0,2016,0
0,중식,2120.0,272,7,0,0,22,47,251,501,5,5,0,4,2643,0,0,0,0,1,0,2016,0
0,일식,2186.0,180,7,0,0,25,247,277,584,1,1,0,4,2643,0,0,0,0,1,0,2016,0
0,일식,2198.0,185,7,0,0,26,269,260,582,2,2,0,2,2643,0,0,1,0,0,0,2016,0
0,한식,2152.0,192,7,0,0,27,0,299,423,5,3,0,5,2643,0,0,0,1,0,0,2016,0
0,일식,2099.0,204,7,0,0,28,197,340,434,3,4,0,4,2643,0,0,1,0,0,0,2016,0
0,한식,1950.0,207,7,0,0,29,36,486,472,3,5,0,4,2643,0,1,0,0,0,0,2016,0
0,한식,2023.0,109,8,0,0,1,238,512,510,8,1,0,4,2644,0,0,0,0,0,1,2016,0
0,중식,2017.0,167,8,0,0,2,268,460,515,3,2,0,5,2644,1,0,0,0,0,0,2016,0
0,일식,1976.0,183,8,0,0,3,0,485,363,8,3,0,2,2644,0,0,0,0,0,0,2016,1
0,일식,1977.0,200,8,0,0,4,262,467,456,4,4,0,4,2644,0,0,0,0,0,1,2016,0
0,한식,1894.0,212,8,0,0,5,46,538,448,6,5,0,3,2644,0,0,0,0,0,1,2016,0
0,한식,2043.0,180,8,0,0,8,255,421,480,5,1,0,5,2644,0,1,0,0,0,0,2016,0
0,양식,2070.0,182,8,0,0,9,286,392,470,3,2,0,2,2644,0,0,1,0,0,0,2016,0
0,한식,2045.0,188,8,0,0,10,0,411,451,2,3,0,3,2644,0,0,0,0,0,1,2016,0
0,양식,2029.0,202,8,0,0,11,295,413,530,5,4,0,4,2644,0,0,0,0,1,0,2016,0
0,한식,1842.0,215,8,1,1,12,60,587,410,2,5,0,4,2644,0,0,0,0,0,0,2016,1
1,중식,2115.0,177,8,0,1,16,351,352,561,3,2,0,4,2644,0,0,1,0,0,0,2016,0
0,한식,2142.0,191,8,0,0,17,0,311,465,7,3,0,4,2644,0,0,0,0,0,1,2016,0
0,일식,2155.0,215,8,0,0,18,364,274,574,2,4,0,2,2644,0,0,0,0,1,0,2016,0
0,한식,2062.0,237,8,0,0,19,59,345,532,9,5,0,4,2644,0,0,0,0,0,0,2016,1
0,한식,2370.0,159,8,0,0,22,458,115,729,7,1,0,4,2644,0,0,0,0,0,1,2016,0
0,중식,2347.0,211,8,0,0,23,386,86,563,3,2,0,4,2644,0,0,0,0,0,0,2016,1
0,한식,2322.0,209,8,0,0,24,0,113,588,7,3,0,4,2644,0,1,0,0,0,0,2016,0
0,중식,2280.0,241,8,0,0,25,308,123,508,3,4,0,1,2644,0,0,0,0,1,0,2016,0
0,한식,2181.0,269,8,0,0,26,70,194,489,6,5,0,4,2644,0,0,0,0,0,1,2016,0
0,한식,2310.0,202,8,0,0,29,352,132,568,5,1,0,3,2644,0,0,0,0,0,1,2016,0
0,중식,2306.0,242,8,0,0,30,268,96,514,1,2,0,4,2644,0,0,0,0,1,0,2016,0
0,중식,2310.0,236,8,0,0,31,0,98,498,7,3,0,4,2644,0,0,0,0,1,0,2016,0
0,양식,2420.0,250,9,0,0,1,336,99,468,3,4,0,1,2769,0,0,0,0,0,0,2016,1
0,한식,2313.0,279,9,0,0,2,76,177,460,7,5,0,5,2769,1,0,0,0,0,0,2016,0
0,한식,2444.0,225,9,0,0,5,447,100,554,7,1,0,5,2769,0,0,0,0,0,1,2016,0
0,양식,2457.0,253,9,0,0,6,477,59,560,3,2,0,4,2769,0,0,1,0,0,0,2016,0
0,한식,2463.0,241,9,0,0,7,0,65,504,5,3,0,4,2769,0,0,0,0,0,0,2016,1
0,일식,2445.0,255,9,0,0,8,438,69,548,2,4,0,2,2769,0,0,0,0,1,0,2016,0
0,한식,2344.0,288,9,0,0,9,86,137,485,2,5,0,3,2769,0,0,0,0,0,0,2016,1
0,중식,2265.0,176,9,0,1,12,306,328,504,3,1,0,2,2769,0,0,0,0,0,0,2016,1
0,한식,2150.0,108,9,1,1,13,52,511,238,6,2,0,4,2769,0,0,0,0,0,1,2016,0
1,한식,2422.0,180,9,0,1,19,550,167,662,3,1,0,4,2769,0,0,0,1,0,0,2016,0
0,한식,2473.0,227,9,0,0,20,588,69,627,6,2,0,4,2769,0,0,0,0,1,0,2016,0
0,한식,2465.0,246,9,0,0,21,0,58,603,8,3,0,4,2769,1,0,0,0,0,0,2016,0
0,일식,2379.0,253,9,0,0,22,403,137,533,4,4,0,2,2769,0,0,0,0,0,1,2016,0
0,일식,2326.0,278,9,0,0,23,99,165,562,1,5,0,4,2769,0,0,0,0,1,0,2016,0
0,한식,2475.0,224,9,0,0,26,494,70,710,2,1,0,4,2769,1,0,0,0,0,0,2016,0
0,중식,2480.0,233,9,0,0,27,380,56,550,2,2,0,4,2769,0,0,0,1,0,0,2016,0
0,한식,2494.0,225,9,0,0,28,0,50,591,4,3,0,5,2769,0,0,0,0,0,0,2016,1
0,일식,2389.0,227,9,0,0,29,331,153,622,2,4,0,2,2769,0,0,1,0,0,0,2016,0
0,한식,2355.0,256,9,0,0,30,59,158,539,7,5,0,4,2769,0,0,0,0,1,0,2016,0
0,한식,2372.0,239,10,0,0,4,1035,59,902,5,2,0,4,2670,0,0,0,0,0,1,2016,0
0,한식,2401.0,228,10,0,0,5,0,41,905,1,3,0,4,2670,1,0,0,0,0,0,2016,0
0,중식,2369.0,245,10,0,0,6,378,56,352,3,4,0,5,2670,0,0,0,0,1,0,2016,0
0,한식,2274.0,252,10,0,0,7,80,144,554,2,5,0,3,2670,1,0,0,0,0,0,2016,0
0,한식,2350.0,216,10,0,0,10,443,104,546,7,1,0,4,2670,0,0,0,0,0,1,2016,0
0,중식,2345.0,256,10,0,0,11,386,69,522,4,2,0,4,2670,0,0,0,0,0,1,2016,0
0,한식,2355.0,251,10,0,0,12,0,64,527,5,3,0,5,2670,0,0,0,0,0,0,2016,1
0,중식,2342.0,262,10,0,0,13,612,66,667,3,4,0,2,2670,0,1,0,0,0,0,2016,0
0,중식,2261.0,265,10,0,0,14,172,144,544,2,5,0,4,2670,0,0,0,1,0,0,2016,0
0,한식,2322.0,241,10,0,0,17,425,107,527,5,1,0,4,2670,0,1,0,0,0,0,2016,0
0,일식,2355.0,262,10,0,0,18,394,53,544,3,2,0,1,2670,0,1,0,0,0,0,2016,0
0,한식,2331.0,267,10,0,0,19,0,72,475,7,3,0,5,2670,0,1,0,0,0,0,2016,0
0,양식,2296.0,269,10,0,0,20,281,105,564,3,4,0,4,2670,0,0,1,0,0,0,2016,0
0,한식,2162.0,280,10,0,0,21,62,228,442,2,5,0,3,2670,0,0,0,0,0,1,2016,0
0,한식,2327.0,223,10,0,0,24,367,120,600,5,1,0,5,2670,0,0,0,0,1,0,2016,0
0,일식,2338.0,259,10,0,0,25,345,73,559,9,2,0,4,2670,0,0,1,0,0,0,2016,0
0,한식,2323.0,258,10,0,0,26,0,89,410,2,3,0,3,2670,0,1,0,0,0,0,2016,0
0,중식,2304.0,272,10,0,0,27,240,94,454,6,4,0,5,2670,1,0,0,0,0,0,2016,0
0,한식,2201.0,277,10,0,0,28,63,192,475,4,5,0,5,2670,1,0,0,0,0,0,2016,0
0,한식,2313.0,223,10,0,0,31,255,134,540,2,1,0,4,2670,0,0,0,0,0,0,2016,1
0,중식,2407.0,212,11,0,0,1,515,70,578,3,2,0,5,2689,0,0,0,0,1,0,2016,0
0,중식,2385.0,231,11,0,0,2,0,73,540,7,3,0,4,2689,0,1,0,0,0,0,2016,0
0,일식,2334.0,283,11,0,0,3,408,72,553,2,4,0,4,2689,0,0,0,0,0,0,2016,1
0,한식,2245.0,276,11,0,0,4,81,168,497,7,5,0,4,2689,0,0,0,0,0,1,2016,0
0,한식,2334.0,222,11,0,0,7,539,133,506,2,1,0,4,2689,0,0,0,0,1,0,2016,0
0,중식,2379.0,250,11,0,0,8,503,60,512,8,2,0,4,2689,0,0,0,0,0,1,2016,0
0,한식,2364.0,267,11,0,0,9,0,58,499,2,3,0,4,2689,0,0,0,0,0,0,2016,1
0,한식,2349.0,267,11,0,0,10,385,73,513,2,4,0,4,2689,0,0,0,1,0,0,2016,0
0,한식,2230.0,286,11,0,0,11,69,173,426,4,5,0,3,2689,1,0,0,0,0,0,2016,0
0,한식,2370.0,227,11,0,0,14,461,92,539,7,1,0,4,2689,0,1,0,0,0,0,2016,0
0,중식,2350.0,273,11,0,0,15,418,66,418,3,2,0,4,2689,0,0,0,0,0,0,2016,1
0,일식,2379.0,250,11,0,0,16,0,60,463,1,3,0,5,2689,0,0,0,0,1,0,2016,0
0,일식,2292.0,263,11,0,0,17,411,134,551,4,4,0,2,2689,0,0,0,0,0,1,2016,0
0,중식,2183.0,287,11,0,0,18,57,219,388,2,5,0,3,2689,0,0,0,1,0,0,2016,0
0,한식,2393.0,202,11,0,0,21,522,94,616,7,1,0,5,2689,0,1,0,0,0,0,2016,0
0,중식,2406.0,238,11,0,0,22,452,45,580,2,2,0,4,2689,0,0,0,0,1,0,2016,0
0,한식,2386.0,251,11,0,0,23,0,52,482,6,3,0,3,2689,0,0,0,0,0,1,2016,0
0,일식,2366.0,262,11,0,0,24,351,61,498,3,4,0,2,2689,0,0,0,0,0,0,2016,1
0,한식,2210.0,279,11,0,0,25,68,200,392,6,5,0,4,2689,0,0,0,0,1,0,2016,0
0,한식,2356.0,219,11,0,0,28,397,114,623,5,1,0,4,2689,0,0,0,0,1,0,2016,0
0,중식,2387.0,218,11,0,0,29,388,84,587,3,2,0,5,2689,0,0,1,0,0,0,2016,0
0,중식,2378.0,243,12,0,0,1,688,84,571,1,4,0,4,2705,0,0,0,0,1,0,2016,0
0,한식,2250.0,272,12,0,0,2,152,183,448,1,5,0,5,2705,1,0,0,0,0,0,2016,0
0,한식,2397.0,207,12,0,0,5,839,101,560,8,1,0,4,2705,0,0,0,0,0,1,2016,0
0,일식,2414.0,222,12,0,0,6,799,69,593,3,2,0,2,2705,1,0,0,0,0,0,2016,0
0,중식,2404.0,232,12,0,0,7,0,69,468,5,3,0,4,2705,0,0,0,0,1,0,2016,0
0,한식,2367.0,262,12,0,0,8,587,76,512,2,4,0,4,2705,0,0,0,1,0,0,2016,0
0,한식,2225.0,284,12,0,0,9,152,196,416,6,5,0,3,2705,0,0,0,0,0,1,2016,0
0,중식,2410.0,193,12,0,0,12,633,102,544,6,1,0,5,2705,1,0,0,0,0,0,2016,0
0,양식,2414.0,226,12,0,0,13,511,65,482,3,2,0,1,2705,0,0,0,0,0,1,2016,0
0,한식,2376.0,247,12,0,0,14,0,82,441,5,3,0,1,2705,0,1,0,0,0,0,2016,0
0,일식,2373.0,234,12,0,0,15,229,98,499,4,4,0,4,2705,0,0,0,0,0,1,2016,0
0,한식,2276.0,262,12,0,0,16,37,167,518,7,5,0,4,2705,0,1,0,0,0,0,2016,0
0,중식,2384.0,217,12,0,0,19,197,104,482,2,1,0,3,2705,0,0,0,1,0,0,2016,0
0,일식,2378.0,238,12,0,0,20,126,89,461,2,2,0,2,2705,0,0,1,0,0,0,2016,0
0,한식,2403.0,230,12,0,0,21,0,72,494,7,3,0,5,2705,1,0,0,0,0,0,2016,0
0,중식,2345.0,242,12,0,0,22,32,118,213,7,4,0,5,2705,0,0,0,1,0,0,2016,0
0,한식,2119.0,243,12,0,0,23,7,343,398,4,5,0,4,2705,0,0,0,0,0,1,2016,0
0,한식,2305.0,194,12,0,0,26,63,206,328,2,1,0,4,2705,0,1,0,0,0,0,2016,0
0,중식,2342.0,236,12,0,0,27,51,127,314,7,2,0,4,2705,0,0,0,0,1,0,2016,0
0,일식,2262.0,201,12,1,0,29,42,242,343,8,4,0,2,2705,0,0,0,0,0,0,2016,1
0,한식,2049.0,127,12,0,0,30,3,529,275,5,5,0,4,2705,0,0,0,1,0,0,2016,0
0,한식,2499.0,102,1,0,0,2,272,96,559,7,1,0,5,2697,1,0,0,0,0,0,2017,0
0,일식,2478.0,158,1,0,0,3,259,61,364,1,2,0,4,2697,0,0,0,0,1,0,2017,0
0,일식,2460.0,170,1,0,0,4,0,67,427,5,3,0,1,2697,1,0,0,0,0,0,2017,0
0,중식,2411.0,207,1,0,0,5,316,79,531,6,4,0,4,2697,1,0,0,0,0,0,2017,0
0,한식,2284.0,224,1,0,0,6,74,189,523,7,5,0,4,2697,0,1,0,0,0,0,2017,0
0,한식,2410.0,166,1,0,0,9,445,121,620,5,1,0,4,2697,0,0,0,0,1,0,2017,0
0,일식,2428.0,199,1,0,0,10,412,70,533,3,2,0,4,2697,0,0,0,0,0,1,2017,0
0,한식,2417.0,223,1,0,0,11,0,57,514,7,3,0,4,2697,0,0,0,0,0,1,2017,0
0,한식,2374.0,238,1,0,0,12,305,85,416,2,4,0,3,2697,0,0,0,0,0,0,2017,1
0,한식,2259.0,247,1,0,0,13,62,191,533,8,5,0,4,2697,1,0,0,0,0,0,2017,0
0,한식,2378.0,196,1,0,0,16,432,123,571,7,1,0,4,2697,0,1,0,0,0,0,2017,0
0,중식,2407.0,215,1,0,0,17,380,75,469,5,2,0,4,2697,0,0,0,0,1,0,2017,0
0,한식,2398.0,240,1,0,0,18,0,59,394,2,3,0,3,2697,1,0,0,0,0,0,2017,0
0,일식,2368.0,236,1,0,0,19,334,93,499,3,4,0,2,2697,0,0,1,0,0,0,2017,0
0,한식,2223.0,267,1,0,0,20,61,207,446,2,5,0,4,2697,0,0,0,0,0,1,2017,0
0,중식,2387.0,202,1,0,0,23,396,108,509,3,1,0,3,2697,0,0,0,1,0,0,2017,0
0,일식,2416.0,218,1,0,0,24,273,63,396,8,2,0,2,2697,0,0,0,0,0,0,2017,1
0,한식,2211.0,117,1,1,1,26,28,369,147,7,4,0,4,2697,0,0,0,0,1,0,2017,0
1,중식,2462.0,58,1,0,1,31,278,177,680,2,2,0,2,2697,0,0,0,0,1,0,2017,0
0,한식,2392.0,179,2,0,0,1,0,61,566,6,3,0,3,2632,0,0,0,0,1,0,2017,0
0,일식,2370.0,217,2,0,0,2,427,45,549,3,4,0,4,2632,0,0,1,0,0,0,2017,0
0,한식,2275.0,253,2,0,0,3,92,104,582,2,5,0,3,2632,0,1,0,0,0,0,2017,0
0,중식,2381.0,202,2,0,0,6,610,49,768,2,1,0,3,2632,0,0,0,1,0,0,2017,0
0,한식,2385.0,207,2,0,0,7,565,40,554,7,2,0,4,2632,0,0,0,0,0,1,2017,0
0,한식,2374.0,206,2,0,0,8,0,52,548,7,3,0,4,2632,0,0,0,0,0,0,2017,1
0,일식,2340.0,227,2,0,0,9,377,65,583,2,4,0,2,2632,0,1,0,0,0,0,2017,0
0,한식,2199.0,284,2,0,0,10,59,149,505,1,5,0,4,2632,1,0,0,0,0,0,2017,0
0,한식,2375.0,196,2,0,0,13,505,61,689,2,1,0,4,2632,0,0,0,0,0,0,2017,1
0,중식,2356.0,223,2,0,0,14,444,53,566,7,2,0,4,2632,0,0,0,1,0,0,2017,0
0,한식,2348.0,233,2,0,0,15,0,51,505,7,3,0,5,2632,1,0,0,0,0,0,2017,0
0,일식,2336.0,240,2,0,0,16,419,56,567,5,4,0,4,2632,0,0,0,0,1,0,2017,0
0,중식,2219.0,269,2,0,0,17,73,144,494,3,5,0,4,2632,0,0,0,0,0,1,2017,0
0,한식,2329.0,199,2,0,0,20,494,104,648,5,1,0,4,2632,0,1,0,0,0,0,2017,0
0,중식,2343.0,226,2,0,0,21,445,63,559,8,2,0,4,2632,0,0,0,0,0,0,2017,1
0,일식,2285.0,272,2,0,0,23,307,75,534,3,4,0,2,2632,0,0,1,0,0,0,2017,0
0,한식,2167.0,291,2,0,0,24,63,174,463,2,5,0,3,2632,0,1,0,0,0,0,2017,0
0,한식,2317.0,181,2,0,0,27,368,134,563,8,1,0,5,2632,0,0,0,0,0,1,2017,0
0,한식,2273.0,203,2,1,0,28,179,156,536,3,2,0,5,2632,0,0,1,0,0,0,2017,0
1,중식,2222.0,215,3,0,0,2,428,190,593,2,4,0,2,2627,0,0,0,0,0,0,2017,1
0,한식,2197.0,256,3,0,0,3,70,174,578,8,5,0,4,2627,1,0,0,0,0,0,2017,0
0,한식,2363.0,201,3,0,0,6,490,63,658,8,1,0,4,2627,0,0,0,0,0,1,2017,0
0,일식,2372.0,214,3,0,0,7,455,41,545,1,2,0,4,2627,0,0,0,0,1,0,2017,0
0,한식,2348.0,233,3,0,0,8,0,46,518,2,3,0,3,2627,0,0,0,0,1,0,2017,0
0,중식,2318.0,254,3,0,0,9,346,55,519,3,4,0,4,2627,0,0,0,1,0,0,2017,0
0,한식,2191.0,291,3,0,0,10,63,145,461,7,5,0,4,2627,0,0,0,0,0,1,2017,0
0,한식,2334.0,211,3,0,0,13,449,82,596,2,1,0,3,2627,1,0,0,0,0,0,2017,0
0,한식,2351.0,230,3,0,0,14,437,46,533,6,2,0,4,2627,0,0,0,0,0,1,2017,0
0,한식,2353.0,234,3,0,0,15,0,40,486,7,3,0,5,2627,0,1,0,0,0,0,2017,0
0,일식,2321.0,259,3,0,0,16,357,47,504,9,4,0,2,2627,0,0,1,0,0,0,2017,0
0,한식,2199.0,299,3,0,0,17,59,129,429,1,5,0,4,2627,1,0,0,0,0,0,2017,0
0,중식,2334.0,207,3,0,0,20,390,86,556,7,1,0,4,2627,0,0,0,1,0,0,2017,0
0,중식,2350.0,222,3,0,0,21,454,55,647,3,2,0,4,2627,0,0,0,0,0,1,2017,0
0,중식,2320.0,245,3,0,0,23,321,62,557,3,4,0,5,2627,0,0,0,0,0,0,2017,1
0,한식,2167.0,279,3,0,0,24,50,181,518,5,5,0,4,2627,0,0,0,0,1,0,2017,0
0,한식,2280.0,242,3,0,0,27,360,105,501,2,1,0,4,2627,0,0,0,0,0,0,2017,1
0,중식,2335.0,248,3,0,0,28,368,44,504,3,2,0,4,2627,0,0,0,1,0,0,2017,0
0,일식,2348.0,237,3,0,0,29,0,42,474,1,3,0,4,2627,0,0,0,0,1,0,2017,0
0,일식,2282.0,278,3,0,0,30,223,67,497,2,4,0,2,2627,0,0,1,0,0,0,2017,0
0,한식,2184.0,296,3,0,0,31,45,147,420,3,5,0,4,2627,0,1,0,0,0,0,2017,0
0,일식,2347.0,198,4,0,0,3,465,81,577,2,1,0,4,2626,0,0,0,0,1,0,2017,0
0,일식,2360.0,212,4,0,0,4,418,54,535,2,2,0,2,2626,0,1,0,0,0,0,2017,0
0,한식,2312.0,251,4,0,0,5,0,63,391,7,3,0,4,2626,0,0,0,0,0,1,2017,0
0,중식,2290.0,271,4,0,0,6,317,65,436,8,4,0,4,2626,0,0,0,0,0,0,2017,1
0,한식,2184.0,291,4,0,0,7,67,151,431,5,5,0,5,2626,0,0,0,0,0,1,2017,0
0,한식,2316.0,229,4,0,0,10,418,81,541,5,1,0,4,2626,0,0,0,0,1,0,2017,0
0,양식,2348.0,234,4,0,0,11,440,44,535,3,2,0,1,2626,0,0,0,1,0,0,2017,0
0,한식,2344.0,241,4,0,0,12,0,41,384,2,3,0,4,2626,0,0,0,0,0,0,2017,1
0,일식,2295.0,270,4,0,0,13,318,61,521,1,4,0,2,2626,0,0,0,0,1,0,2017,0
0,한식,2206.0,298,4,0,0,14,55,122,402,7,5,0,4,2626,1,0,0,0,0,0,2017,0
0,한식,2324.0,220,4,0,0,17,434,82,479,2,1,0,3,2626,1,0,0,0,0,0,2017,0
0,일식,2325.0,244,4,0,0,18,405,57,567,5,2,0,1,2626,0,0,0,0,1,0,2017,0
0,한식,2334.0,256,4,0,0,19,0,36,408,2,3,0,3,2626,0,0,0,0,0,0,2017,1
0,일식,2294.0,288,4,0,0,20,284,44,511,4,4,0,4,2626,0,0,0,0,0,1,2017,0
0,한식,2182.0,307,4,0,0,21,59,137,353,7,5,0,4,2626,0,0,0,0,1,0,2017,0
0,한식,2290.0,260,4,0,0,24,373,76,531,8,1,0,5,2626,0,0,0,0,0,1,2017,0
0,양식,2269.0,288,4,0,0,25,336,69,510,3,2,0,1,2626,0,0,0,0,0,1,2017,0
0,중식,2254.0,311,4,0,0,27,183,61,442,3,4,0,5,2626,0,0,0,1,0,0,2017,0
0,한식,2155.0,310,4,0,0,28,44,161,362,4,5,0,4,2626,0,0,0,0,0,1,2017,0
0,한식,1581.0,123,5,1,0,2,88,933,298,7,2,0,4,2637,0,0,0,0,0,1,2017,0
0,중식,1372.0,41,5,1,1,4,45,1224,262,3,4,0,4,2637,0,0,0,0,0,0,2017,1
0,한식,1792.0,130,5,1,1,8,151,715,308,2,1,0,3,2637,0,0,0,0,0,0,2017,1
1,한식,2346.0,223,5,0,0,10,0,68,500,5,3,0,4,2637,0,0,0,0,0,0,2017,1
0,중식,2316.0,264,5,0,0,11,471,57,501,7,4,0,4,2637,0,0,0,1,0,0,2017,0
0,한식,2235.0,289,5,0,0,12,96,113,507,7,5,0,4,2637,0,1,0,0,0,0,2017,0
0,일식,2350.0,224,5,0,0,15,516,63,505,2,1,0,3,2637,0,0,0,0,1,0,2017,0
0,일식,2330.0,266,5,0,0,16,486,41,533,3,2,0,2,2637,0,1,0,0,0,0,2017,0
0,한식,2323.0,268,5,0,0,17,0,46,484,2,3,0,3,2637,1,0,0,0,0,0,2017,0
0,양식,2290.0,287,5,0,0,18,343,60,459,3,4,0,1,2637,0,0,0,1,0,0,2017,0
0,한식,2186.0,305,5,0,0,19,81,146,414,8,5,0,4,2637,0,0,0,0,0,1,2017,0
0,한식,2334.0,240,5,0,0,22,504,63,585,2,1,0,4,2637,1,0,0,0,0,0,2017,0
0,중식,2333.0,257,5,0,0,23,429,47,545,7,2,0,5,2637,0,0,0,1,0,0,2017,0
0,한식,2311.0,277,5,0,0,24,0,49,387,3,3,0,5,2637,1,0,0,0,0,0,2017,0
0,중식,2290.0,290,5,0,0,25,320,57,456,1,4,0,4,2637,0,0,0,0,1,0,2017,0
0,한식,2171.0,302,5,0,0,26,60,164,462,5,5,0,4,2637,0,0,0,0,0,1,2017,0
0,한식,2309.0,240,5,0,0,29,394,88,555,3,1,0,4,2637,1,0,0,0,0,0,2017,0
0,한식,2324.0,256,5,0,0,30,293,57,579,3,2,0,4,2637,0,0,1,0,0,0,2017,0
0,양식,2317.0,265,6,0,0,1,317,66,505,3,4,0,4,2648,0,0,0,0,0,1,2017,0
0,일식,2190.0,293,6,0,0,2,77,165,480,5,5,0,4,2648,0,0,0,0,1,0,2017,0
0,중식,1865.0,150,6,1,1,5,174,633,306,2,1,0,4,2648,0,0,0,1,0,0,2017,0
1,한식,2345.0,228,6,0,0,7,0,75,549,7,3,0,4,2648,0,1,0,0,0,0,2017,0
0,중식,2311.0,274,6,0,0,8,423,63,443,3,4,0,2,2648,0,0,1,0,0,0,2017,0
0,한식,2224.0,294,6,0,0,9,67,130,460,2,5,0,3,2648,0,1,0,0,0,0,2017,0
0,한식,2352.0,209,6,0,0,12,529,87,552,7,1,0,4,2648,0,0,0,0,1,0,2017,0
0,일식,2367.0,234,6,0,0,13,451,47,540,3,2,0,4,2648,0,0,0,0,0,0,2017,1
0,한식,2340.0,253,6,0,0,14,0,55,408,1,3,0,5,2648,1,0,0,0,0,0,2017,0
0,중식,2316.0,268,6,0,0,15,318,64,443,3,4,0,2,2648,0,1,0,0,0,0,2017,0
0,한식,2179.0,305,6,0,0,16,62,164,383,8,5,0,4,2648,1,0,0,0,0,0,2017,0
0,일식,2320.0,226,6,0,0,19,455,102,489,5,1,0,4,2648,1,0,0,0,0,0,2017,0
0,한식,2329.0,253,6,0,0,20,429,66,508,2,2,0,4,2648,0,0,1,0,0,0,2017,0
0,중식,2319.0,269,6,0,0,21,0,60,445,3,3,0,4,2648,0,0,0,0,0,1,2017,0
0,일식,2306.0,273,6,0,0,22,317,69,451,3,4,0,2,2648,0,0,0,0,0,0,2017,1
0,중식,2196.0,290,6,0,0,23,57,162,441,2,5,0,4,2648,0,0,0,1,0,0,2017,0
0,중식,2299.0,237,6,0,0,26,374,112,539,7,1,0,4,2648,0,0,0,1,0,0,2017,0
0,중식,2333.0,256,6,0,0,27,309,59,575,5,2,0,1,2648,0,0,0,0,1,0,2017,0
0,양식,2316.0,266,6,0,0,29,209,66,451,3,4,0,4,2648,0,0,0,0,1,0,2017,0
0,한식,2164.0,296,6,0,0,30,34,188,370,6,5,0,4,2648,0,0,0,0,1,0,2017,0
0,일식,2559.0,214,7,0,0,3,414,66,501,2,1,0,3,2839,0,0,0,0,0,0,2017,1
0,중식,2542.0,247,7,0,0,4,368,50,432,5,2,0,4,2839,0,0,0,0,1,0,2017,0
0,한식,2533.0,260,7,0,0,5,0,46,340,7,3,0,5,2839,0,0,0,0,0,1,2017,0
0,일식,2499.0,268,7,0,0,6,341,72,501,1,4,0,2,2839,0,0,0,0,1,0,2017,0
0,일식,2405.0,288,7,0,0,7,73,146,472,2,5,0,4,2839,0,0,0,0,1,0,2017,0
0,중식,2526.0,215,7,0,0,10,406,98,527,7,1,0,4,2839,0,0,0,1,0,0,2017,0
0,일식,2545.0,232,7,0,0,11,380,62,444,2,2,0,4,2839,0,0,0,0,0,0,2017,1
0,한식,2507.0,263,7,0,0,12,0,69,414,3,3,0,4,2839,1,0,0,0,0,0,2017,0
0,일식,2483.0,277,7,0,0,13,311,79,461,3,4,0,2,2839,0,0,0,0,1,0,2017,0
0,한식,2344.0,286,7,0,0,14,57,209,485,1,5,0,4,2839,1,0,0,0,0,0,2017,0
0,한식,2495.0,212,7,0,0,17,424,132,500,8,1,0,5,2839,1,0,0,0,0,0,2017,0
0,양식,2502.0,239,7,0,0,18,419,98,513,3,2,0,4,2839,0,0,0,0,0,1,2017,0
0,한식,2501.0,259,7,0,0,19,0,79,457,8,3,0,4,2839,0,0,0,0,0,1,2017,0
0,일식,2471.0,278,7,0,0,20,270,90,429,2,4,0,4,2839,0,0,0,1,0,0,2017,0
0,한식,2332.0,301,7,0,0,21,46,206,410,2,5,0,3,2839,0,0,0,0,0,0,2017,1
0,중식,2391.0,211,7,0,0,24,401,237,486,3,1,0,4,2839,0,0,0,0,0,1,2017,0
0,양식,2382.0,243,7,0,0,25,272,214,514,3,2,0,2,2839,0,0,1,0,0,0,2017,0
0,중식,2265.0,240,7,0,0,27,221,334,486,7,4,0,4,2839,0,0,0,1,0,0,2017,0
0,일식,2156.0,264,7,0,0,28,46,419,459,2,5,0,3,2839,0,0,0,0,1,0,2017,0
0,한식,2159.0,156,7,0,0,31,192,524,455,7,1,0,4,2839,0,0,0,0,1,0,2017,0
0,중식,1998.0,181,8,0,0,1,320,466,509,9,2,0,2,2645,0,0,1,0,0,0,2017,0
0,중식,2003.0,188,8,0,0,2,0,454,337,2,3,0,4,2645,0,0,0,1,0,0,2017,0
0,한식,1987.0,207,8,0,0,3,301,451,401,8,4,0,4,2645,1,0,0,0,0,0,2017,0
0,한식,1863.0,238,8,0,0,4,55,544,354,5,5,0,3,2645,0,0,0,0,1,0,2017,0
0,한식,2049.0,168,8,0,0,7,351,428,497,7,1,0,4,2645,0,1,0,0,0,0,2017,0
0,중식,2024.0,207,8,0,0,8,350,414,445,3,2,0,4,2645,0,0,0,1,0,0,2017,0
0,한식,2007.0,210,8,0,0,9,0,428,372,2,3,0,4,2645,1,0,0,0,0,0,2017,0
0,한식,1979.0,228,8,0,0,10,292,438,438,3,4,0,1,2645,0,0,1,0,0,0,2017,0
0,중식,1839.0,240,8,0,0,11,66,566,393,5,5,0,5,2645,0,0,0,0,1,0,2017,0
0,한식,1651.0,131,8,1,1,14,114,863,275,5,1,0,4,2645,0,0,0,0,1,0,2017,0
1,한식,2062.0,180,8,0,0,16,0,403,433,7,3,0,4,2645,0,1,0,0,0,0,2017,0
0,중식,2067.0,221,8,0,0,17,380,357,507,3,4,0,2,2645,0,0,0,0,0,0,2017,1
0,한식,1977.0,272,8,0,0,18,61,396,484,7,5,0,4,2645,0,0,0,0,0,1,2017,0
0,한식,2402.0,169,8,0,0,21,618,74,673,5,1,0,4,2645,0,1,0,0,0,0,2017,0
0,한식,2358.0,213,8,0,0,22,484,74,604,2,2,0,4,2645,0,0,1,0,0,0,2017,0
0,한식,2358.0,215,8,0,0,23,0,72,537,7,3,0,4,2645,1,0,0,0,0,0,2017,0
0,일식,2308.0,259,8,0,0,24,344,78,489,3,4,0,2,2645,0,0,0,0,0,0,2017,1
0,일식,2171.0,310,8,0,0,25,55,164,354,2,5,0,4,2645,0,0,0,0,1,0,2017,0
0,한식,2251.0,225,8,0,0,28,337,169,514,2,1,0,3,2645,0,1,0,0,0,0,2017,0
0,중식,2264.0,260,8,0,0,29,294,121,609,7,2,0,2,2645,0,0,0,0,1,0,2017,0
0,한식,2259.0,270,8,0,0,30,0,116,395,2,3,0,4,2645,0,0,0,0,0,1,2017,0
0,양식,2254.0,281,8,0,0,31,189,110,487,3,4,0,1,2645,0,0,0,1,0,0,2017,0
0,한식,2286.0,243,9,0,0,4,416,113,581,2,1,0,4,2642,0,0,0,0,1,0,2017,0
0,중식,2303.0,265,9,0,0,5,390,74,518,3,2,0,4,2642,0,0,0,1,0,0,2017,0
0,한식,2298.0,275,9,0,0,6,0,69,503,7,3,0,4,2642,0,0,0,0,0,1,2017,0
0,중식,2285.0,279,9,0,0,7,358,78,455,3,4,0,4,2642,0,0,0,0,0,1,2017,0
0,중식,2182.0,305,9,0,0,8,66,155,494,5,5,0,4,2642,0,0,0,0,1,0,2017,0
0,한식,2338.0,203,9,0,0,11,478,101,510,6,1,0,3,2642,0,0,0,0,0,1,2017,0
0,일식,2328.0,242,9,0,0,12,430,72,540,3,2,0,2,2642,0,0,1,0,0,0,2017,0
0,한식,2332.0,253,9,0,0,13,0,57,476,7,3,0,4,2642,0,1,0,0,0,0,2017,0
0,양식,2283.0,291,9,0,0,14,317,68,437,3,4,0,2,2642,0,0,0,0,0,0,2017,1
0,한식,2154.0,290,9,0,0,15,70,198,454,7,5,0,4,2642,0,0,0,0,1,0,2017,0
0,중식,2329.0,220,9,0,0,18,501,93,552,7,1,0,4,2642,0,0,0,1,0,0,2017,0
0,중식,2347.0,246,9,0,0,19,432,49,567,2,2,0,5,2642,0,0,1,0,0,0,2017,0
0,한식,2301.0,279,9,0,0,20,0,62,411,2,3,0,4,2642,0,0,0,0,0,1,2017,0
0,일식,2292.0,280,9,0,0,21,334,70,546,1,4,0,5,2642,0,0,0,0,1,0,2017,0
0,한식,2177.0,291,9,0,0,22,67,174,490,3,5,0,3,2642,0,0,0,0,0,0,2017,1
0,한식,2287.0,258,9,0,0,25,385,97,592,2,1,0,4,2642,0,0,0,0,0,0,2017,1
0,일식,2300.0,261,9,0,0,26,342,81,573,2,2,0,2,2642,0,0,0,0,1,0,2017,0
0,일식,2277.0,263,9,0,0,28,202,102,473,3,4,0,4,2642,0,0,0,0,1,0,2017,0
1,한식,2331.0,209,10,0,1,10,641,105,746,7,2,0,5,2645,0,0,0,0,0,1,2017,0
0,중식,2335.0,250,10,0,0,11,0,60,613,2,3,0,2,2645,0,0,0,0,1,0,2017,0
0,한식,2330.0,269,10,0,0,12,1017,46,626,8,4,0,4,2645,0,0,0,0,0,1,2017,0
0,한식,2314.0,268,10,0,0,13,86,63,628,7,5,0,5,2645,0,1,0,0,0,0,2017,0
0,한식,2330.0,225,10,0,0,16,464,90,497,5,1,0,4,2645,0,0,0,0,0,0,2017,1
0,양식,2331.0,258,10,0,0,17,453,56,555,3,2,0,4,2645,0,0,0,0,0,1,2017,0
0,한식,2330.0,270,10,0,0,18,0,45,490,8,3,0,4,2645,1,0,0,0,0,0,2017,0
0,한식,2296.0,282,10,0,0,19,341,67,514,1,4,0,4,2645,0,0,0,0,1,0,2017,0
0,한식,2154.0,301,10,0,0,20,53,190,416,2,5,0,4,2645,0,0,0,0,1,0,2017,0
0,한식,2279.0,250,10,0,0,23,435,116,538,5,1,0,4,2645,0,0,0,0,1,0,2017,0
0,중식,2322.0,258,10,0,0,24,400,65,439,4,2,0,4,2645,0,0,0,0,0,1,2017,0
0,일식,2242.0,302,10,0,0,26,251,101,405,8,4,0,2,2645,0,0,0,0,0,0,2017,1
0,일식,2126.0,309,10,0,0,27,57,210,327,2,5,0,4,2645,0,0,0,0,1,0,2017,0
0,한식,2271.0,250,10,0,0,30,374,124,589,2,1,0,4,2645,0,0,0,0,0,0,2017,1
0,일식,2292.0,290,10,0,0,31,238,63,503,2,2,0,4,2645,0,0,0,0,1,0,2017,0
0,중식,2302.0,279,11,0,0,1,0,63,424,5,3,0,4,2644,0,0,0,0,1,0,2017,0
0,중식,2287.0,304,11,0,0,2,333,53,469,3,4,0,2,2644,0,1,0,0,0,0,2017,0
0,한식,2167.0,304,11,0,0,3,58,173,406,1,5,0,3,2644,1,0,0,0,0,0,2017,0
0,한식,2307.0,244,11,0,0,6,452,93,451,8,1,0,5,2644,1,0,0,0,0,0,2017,0
0,일식,2301.0,268,11,0,0,7,462,75,522,3,2,0,2,2644,0,0,0,0,0,0,2017,1
0,한식,2308.0,276,11,0,0,8,0,60,397,2,3,0,3,2644,0,0,0,0,0,1,2017,0
0,중식,2267.0,287,11,0,0,9,347,90,414,3,4,0,4,2644,0,0,0,0,0,0,2017,1
0,한식,2168.0,292,11,0,0,10,56,184,397,3,5,0,3,2644,1,0,0,0,0,0,2017,0
0,한식,2297.0,240,11,0,0,13,525,107,547,4,1,0,4,2644,0,0,0,0,0,1,2017,0
0,중식,2297.0,269,11,0,0,14,388,78,515,3,2,0,4,2644,0,0,0,0,0,1,2017,0
0,일식,2281.0,276,11,0,0,15,0,87,363,2,3,0,3,2644,0,0,0,0,1,0,2017,0
0,한식,2232.0,283,11,0,0,16,347,129,437,3,4,0,4,2644,0,0,0,0,0,1,2017,0
0,한식,2120.0,311,11,0,0,17,58,213,332,6,5,0,4,2644,0,0,0,0,0,1,2017,0
0,중식,2300.0,237,11,0,0,20,517,107,569,7,1,0,5,2644,0,1,0,0,0,0,2017,0
0,중식,2311.0,256,11,0,0,21,435,77,486,1,2,0,2,2644,0,0,0,0,1,0,2017,0
0,한식,2303.0,277,11,0,0,22,0,64,424,8,3,0,4,2644,1,0,0,0,0,0,2017,0
0,일식,2234.0,288,11,0,0,23,305,122,433,5,4,0,2,2644,0,0,0,0,1,0,2017,0
0,일식,2131.0,303,11,0,0,24,63,210,378,2,5,0,3,2644,0,0,0,0,1,0,2017,0
0,한식,2250.0,262,11,0,0,27,402,132,483,5,1,0,3,2644,0,0,0,0,0,1,2017,0
0,중식,2267.0,265,11,0,0,28,347,112,517,3,2,0,5,2644,0,0,0,1,0,0,2017,0
0,양식,2280.0,267,11,0,0,30,256,97,511,3,4,0,1,2644,0,0,1,0,0,0,2017,0
0,한식,2154.0,268,12,0,0,1,136,243,381,1,5,0,4,2665,0,0,0,0,1,0,2017,0
0,중식,2342.0,206,12,0,0,4,868,117,625,5,1,0,4,2665,0,0,0,0,1,0,2017,0
0,일식,2380.0,225,12,0,0,5,871,60,571,3,2,0,4,2665,0,0,0,0,0,0,2017,1
0,한식,2333.0,254,12,0,0,6,0,78,414,2,3,0,3,2665,0,1,0,0,0,0,2017,0
0,일식,2297.0,270,12,0,0,7,608,98,509,3,4,0,2,2665,0,0,0,0,0,0,2017,1
0,한식,2192.0,304,12,0,0,8,141,169,407,3,5,0,3,2665,0,0,0,0,0,0,2017,1
0,한식,2353.0,219,12,0,0,11,748,93,536,8,1,0,4,2665,1,0,0,0,0,0,2017,0
0,중식,2355.0,237,12,0,0,12,604,73,641,3,2,0,2,2665,0,0,0,0,0,0,2017,1
0,한식,2352.0,246,12,0,0,13,0,67,430,5,3,0,4,2665,0,0,0,0,0,1,2017,0
0,중식,2294.0,266,12,0,0,14,309,105,405,8,4,0,5,2665,0,0,0,0,0,0,2017,1
0,한식,2169.0,288,12,0,0,15,48,208,426,7,5,0,4,2665,0,1,0,0,0,0,2017,0
0,일식,2295.0,230,12,0,0,18,156,140,418,2,1,0,4,2665,0,0,0,0,1,0,2017,0
0,중식,2287.0,269,12,0,0,19,146,109,345,5,2,0,4,2665,0,0,0,0,0,0,2017,1
0,중식,2295.0,262,12,0,0,20,0,108,396,3,3,0,4,2665,0,0,0,0,0,1,2017,0
0,한식,2276.0,262,12,0,0,21,102,127,380,3,4,0,5,2665,0,1,0,0,0,0,2017,0
0,한식,2156.0,270,12,1,1,22,34,239,482,7,5,0,5,2665,0,0,0,0,0,1,2017,0
1,한식,2171.0,227,12,0,1,26,62,267,176,7,2,0,4,2665,1,0,0,0,0,0,2017,0
0,양식,2165.0,260,12,0,0,28,55,240,245,3,4,0,1,2665,0,0,0,1,0,0,2017,0
0,한식,1934.0,242,12,1,1,29,5,489,209,2,5,0,3,2665,0,0,0,0,0,0,2017,1
1,중식,2480.0,102,1,0,1,2,301,73,432,6,2,0,5,2655,1,0,0,0,0,0,2018,0
0,중식,2388.0,207,1,0,0,3,0,60,441,7,3,0,5,2655,0,0,0,1,0,0,2018,0
0,중식,2362.0,226,1,0,0,4,326,67,435,2,4,0,2,2655,0,0,0,0,0,0,2018,1
0,한식,2257.0,246,1,0,0,5,58,152,509,2,5,0,4,2655,0,1,0,0,0,0,2018,0
0,한식,2361.0,194,1,0,0,8,377,100,554,7,1,0,4,2655,0,1,0,0,0,0,2018,0
0,양식,2370.0,215,1,0,0,9,298,70,349,3,2,0,4,2655,0,0,0,0,0,1,2018,0
0,한식,2387.0,210,1,0,0,10,0,58,423,6,3,0,3,2655,0,0,0,0,0,1,2018,0
0,한식,2344.0,238,1,0,0,11,337,73,430,2,4,0,3,2655,0,0,0,0,0,0,2018,1
0,한식,2226.0,266,1,0,0,12,59,163,398,9,5,0,4,2655,0,0,0,0,0,0,2018,1
0,한식,2351.0,192,1,0,0,15,443,112,480,2,1,0,4,2655,0,0,0,0,0,0,2018,1
0,일식,2366.0,216,1,0,0,16,405,73,523,4,2,0,2,2655,0,0,0,1,0,0,2018,0
0,한식,2362.0,223,1,0,0,17,0,70,466,7,3,0,4,2655,0,0,0,0,0,0,2018,1
0,일식,2324.0,233,1,0,0,18,325,98,472,7,4,0,4,2655,0,0,0,0,1,0,2018,0
0,한식,2156.0,275,1,0,0,19,77,224,419,5,5,0,4,2655,0,0,0,0,0,1,2018,0
0,한식,2341.0,211,1,0,0,22,371,103,492,2,1,0,4,2655,0,0,0,0,0,0,2018,1
0,한식,2359.0,230,1,0,0,23,297,66,488,2,2,0,4,2655,0,0,0,1,0,0,2018,0
0,한식,2380.0,224,1,0,0,24,0,51,274,5,3,0,4,2655,0,1,0,0,0,0,2018,0
0,중식,2373.0,225,1,0,0,25,261,57,513,1,4,0,5,2655,0,0,0,0,1,0,2018,0
0,한식,2227.0,262,1,0,0,26,43,166,418,1,5,0,3,2655,1,0,0,0,0,0,2018,0
0,중식,2393.0,192,1,0,0,29,454,70,689,6,1,0,4,2655,1,0,0,0,0,0,2018,0
0,일식,2379.0,216,1,0,0,30,433,60,689,3,2,0,2,2655,0,0,1,0,0,0,2018,0
0,중식,2380.0,254,2,0,0,1,401,73,620,3,4,0,2,2707,0,0,0,0,1,0,2018,0
0,한식,2276.0,278,2,0,0,2,88,153,503,6,5,0,5,2707,0,0,0,0,0,1,2018,0
0,한식,2418.0,213,2,0,0,5,560,76,673,2,1,0,4,2707,0,0,0,0,0,0,2018,1
0,중식,2422.0,235,2,0,0,6,491,50,601,3,2,0,4,2707,0,0,1,0,0,0,2018,0
0,한식,2395.0,253,2,0,0,7,0,59,540,5,3,0,4,2707,0,1,0,0,0,0,2018,0
0,양식,2363.0,273,2,0,0,8,378,71,543,3,4,0,1,2707,0,0,0,1,0,0,2018,0
0,중식,2262.0,296,2,0,0,9,86,149,518,5,5,0,4,2707,0,0,0,0,1,0,2018,0
0,일식,2360.0,244,2,0,0,12,476,103,541,2,1,0,3,2707,0,0,0,0,1,0,2018,0
0,양식,2366.0,235,2,0,0,13,371,106,552,3,2,0,4,2707,0,0,0,0,0,1,2018,0
1,한식,2281.0,171,2,0,1,19,604,255,657,2,1,0,4,2707,1,0,0,0,0,0,2018,0
0,중식,2394.0,231,2,0,0,20,521,82,609,5,2,0,4,2707,0,0,0,0,0,0,2018,1
0,한식,2390.0,243,2,0,0,21,0,74,522,2,3,0,4,2707,0,1,0,0,0,0,2018,0
0,중식,2348.0,277,2,0,0,22,400,82,578,3,4,0,5,2707,0,0,0,0,1,0,2018,0
0,한식,2242.0,304,2,0,0,23,69,161,522,7,5,0,5,2707,1,0,0,0,0,0,2018,0
0,한식,2371.0,231,2,0,0,26,491,105,585,5,1,0,3,2707,0,1,0,0,0,0,2018,0
0,중식,2363.0,263,2,0,0,27,332,81,438,3,2,0,4,2707,0,0,0,0,1,0,2018,0
1,한식,1668.0,206,3,0,1,2,57,840,349,7,5,0,4,2714,0,0,0,0,0,1,2018,0
0,한식,2411.0,211,3,0,0,5,593,92,687,7,1,0,4,2714,0,0,0,0,0,1,2018,0
0,일식,2418.0,242,3,0,0,6,547,54,671,4,2,0,2,2714,0,0,0,0,0,1,2018,0
0,한식,2435.0,238,3,0,0,7,0,41,600,7,3,0,4,2714,0,0,0,0,0,0,2018,1
0,한식,2408.0,268,3,0,0,8,406,38,553,1,4,0,4,2714,0,0,0,0,1,0,2018,0
0,한식,2297.0,294,3,0,0,9,77,123,580,3,5,0,3,2714,0,0,0,0,0,0,2018,1
0,한식,2428.0,217,3,0,0,12,591,69,663,2,1,0,3,2714,0,0,0,0,0,0,2018,1
0,중식,2426.0,249,3,0,0,13,556,39,639,8,2,0,2,2714,0,0,0,0,0,0,2018,1
0,한식,2413.0,245,3,0,0,14,0,56,464,7,3,0,4,2714,0,0,0,0,0,1,2018,0
0,중식,2397.0,270,3,0,0,15,359,47,489,7,4,0,5,2714,0,0,0,1,0,0,2018,0
0,한식,2277.0,302,3,0,0,16,75,135,487,5,5,0,4,2714,0,0,0,0,0,1,2018,0
0,한식,2410.0,224,3,0,0,19,503,80,559,2,1,0,4,2714,0,0,0,0,0,0,2018,1
0,일식,2422.0,246,3,0,0,20,445,46,571,3,2,0,4,2714,0,0,0,0,1,0,2018,0
0,한식,2406.0,263,3,0,0,21,0,45,482,7,3,0,4,2714,1,0,0,0,0,0,2018,0
0,양식,2368.0,290,3,0,0,22,327,56,492,3,4,0,2,2714,0,0,0,0,1,0,2018,0
0,일식,2233.0,307,3,0,0,23,51,174,454,2,5,0,4,2714,0,0,0,0,1,0,2018,0
0,한식,2363.0,226,3,0,0,26,448,125,604,8,1,0,5,2714,0,0,0,0,0,1,2018,0
0,중식,2404.0,258,3,0,0,27,408,52,599,3,2,0,5,2714,0,0,1,0,0,0,2018,0
0,일식,2390.0,273,3,0,0,29,302,51,523,3,4,0,4,2714,0,0,0,0,1,0,2018,0
0,한식,2222.0,296,3,0,0,30,43,196,466,7,5,0,4,2714,0,1,0,0,0,0,2018,0
0,한식,2407.0,224,4,0,0,2,481,83,586,2,1,0,3,2714,0,0,0,0,0,0,2018,1
0,일식,2392.0,266,4,0,0,3,438,56,486,9,2,0,2,2714,0,0,1,0,0,0,2018,0
0,중식,2383.0,267,4,0,0,4,0,64,519,7,3,0,4,2714,0,1,0,0,0,0,2018,0
0,중식,2360.0,285,4,0,0,5,378,69,569,5,4,0,5,2714,0,0,1,0,0,0,2018,0
0,한식,2199.0,295,4,0,0,6,49,220,394,3,5,0,3,2714,0,0,0,0,0,0,2018,1
0,한식,2375.0,221,4,0,0,9,523,118,588,2,1,0,3,2714,0,0,0,0,0,0,2018,1
0,중식,2392.0,256,4,0,0,10,420,66,522,3,2,0,2,2714,0,1,0,0,0,0,2018,0
0,중식,2452.0,239,4,0,0,11,0,23,540,7,3,0,5,2714,0,0,0,1,0,0,2018,0
0,중식,2406.0,268,4,0,0,12,384,40,535,5,4,0,4,2714,0,0,0,0,1,0,2018,0
0,한식,2258.0,292,4,0,0,13,45,164,444,8,5,0,5,2714,0,0,0,0,0,1,2018,0
0,중식,2396.0,234,4,0,0,16,484,84,599,5,1,0,3,2714,0,0,0,0,1,0,2018,0
0,일식,2414.0,261,4,0,0,17,413,39,537,2,2,0,2,2714,0,0,1,0,0,0,2018,0
0,한식,2397.0,268,4,0,0,18,0,49,456,8,3,0,4,2714,0,0,1,0,0,0,2018,0
0,양식,2328.0,288,4,0,0,19,285,98,499,3,4,0,1,2714,0,0,0,1,0,0,2018,0
0,한식,2217.0,303,4,0,0,20,42,194,409,5,5,0,3,2714,0,0,0,0,0,1,2018,0
0,한식,2390.0,235,4,0,0,23,440,89,569,7,1,0,4,2714,0,1,0,0,0,0,2018,0
0,양식,2380.0,274,4,0,0,24,360,60,587,3,2,0,2,2714,0,0,0,0,0,0,2018,1
0,중식,2352.0,293,4,0,0,26,266,69,483,7,4,0,2,2714,0,0,0,1,0,0,2018,0
0,한식,2205.0,304,4,0,0,27,40,205,380,4,5,0,3,2714,0,0,0,0,0,1,2018,0
0,한식,1888.0,180,4,0,0,30,107,646,317,2,1,0,3,2714,0,0,0,1,0,0,2018,0
0,한식,2364.0,247,5,0,0,2,0,110,535,8,3,0,4,2721,0,0,0,0,0,1,2018,0
0,일식,2323.0,296,5,0,0,3,332,102,436,4,4,0,2,2721,0,0,0,0,0,1,2018,0
0,한식,2196.0,284,5,1,1,4,57,241,440,8,5,0,4,2721,1,0,0,0,0,0,2018,0
1,한식,2357.0,231,5,0,1,8,590,133,625,2,2,0,6,2721,0,1,0,0,0,0,2018,0
0,한식,2366.0,269,5,0,0,9,0,86,413,8,3,0,5,2721,0,0,0,0,0,1,2018,0
0,중식,2350.0,291,5,0,0,10,369,80,441,7,4,0,4,2721,0,0,0,1,0,0,2018,0
0,중식,2242.0,296,5,0,0,11,48,183,445,5,5,0,5,2721,0,0,0,0,1,0,2018,0
0,중식,2392.0,229,5,0,0,14,490,100,536,3,1,0,3,2721,0,0,0,0,0,1,2018,0
0,일식,2385.0,272,5,0,0,15,457,64,620,2,2,0,4,2721,0,0,0,0,1,0,2018,0
0,한식,2399.0,264,5,0,0,16,0,58,472,2,3,0,4,2721,0,0,0,0,0,0,2018,1
0,중식,2372.0,278,5,0,0,17,343,71,473,7,4,0,2,2721,0,0,0,0,1,0,2018,0
0,한식,2274.0,302,5,0,0,18,29,145,399,4,5,0,4,2721,0,0,0,0,0,0,2018,1
0,한식,1716.0,144,5,1,1,21,139,861,234,3,1,0,4,2721,0,0,0,0,0,0,2018,1
1,한식,2386.0,246,5,0,0,23,0,89,477,7,3,0,4,2721,0,0,0,0,1,0,2018,0
0,양식,2376.0,281,5,0,0,24,379,64,494,1,4,0,4,2721,0,0,0,0,0,0,2018,1
0,한식,2292.0,293,5,0,0,25,70,136,432,5,5,0,3,2721,0,0,1,0,0,0,2018,0
0,한식,2408.0,221,5,0,0,28,495,92,594,8,1,0,4,2721,0,0,0,0,0,1,2018,0
0,중식,2390.0,258,5,0,0,29,422,73,552,5,2,0,5,2721,0,0,0,0,1,0,2018,0
0,일식,2348.0,283,5,0,0,31,242,90,525,2,4,0,2,2721,0,0,1,0,0,0,2018,0
0,중식,2257.0,291,6,0,0,1,55,180,395,7,1,0,4,2728,0,0,0,1,0,0,2018,0
0,한식,2355.0,215,6,0,0,4,519,158,564,2,1,0,3,2728,0,1,0,0,0,0,2018,0
0,일식,2332.0,233,6,1,0,5,253,163,526,2,2,0,2,2728,0,0,0,0,1,0,2018,0
1,한식,2276.0,265,6,0,0,7,379,187,475,7,4,0,4,2728,1,0,0,0,0,0,2018,0
0,한식,2188.0,288,6,0,0,8,65,252,458,5,5,0,4,2728,0,0,0,0,0,0,2018,1
0,한식,2380.0,195,6,0,0,11,490,153,557,5,1,0,4,2728,0,0,0,1,0,0,2018,0
0,한식,2338.0,234,6,1,0,12,249,156,441,8,2,0,4,2728,0,0,0,0,0,1,2018,0
1,한식,2278.0,260,6,0,0,14,381,190,464,3,4,0,4,2728,0,0,0,0,1,0,2018,0
0,한식,2199.0,295,6,0,0,15,44,234,442,7,5,0,5,2728,0,0,0,0,0,1,2018,0
0,중식,2412.0,229,6,0,0,18,335,87,485,7,1,0,4,2728,0,0,0,1,0,0,2018,0
0,중식,2413.0,247,6,0,0,19,415,68,537,8,2,0,4,2728,0,0,0,0,0,0,2018,1
0,중식,2398.0,257,6,0,0,20,0,73,448,5,3,0,4,2728,0,0,0,0,1,0,2018,0
0,일식,2374.0,282,6,0,0,21,329,72,550,4,4,0,2,2728,0,0,0,0,0,1,2018,0
0,한식,2384.0,240,6,0,0,25,424,104,537,7,1,0,4,2728,0,0,0,0,0,0,2018,1
0,일식,2414.0,243,6,0,0,26,384,71,583,3,2,0,2,2728,0,0,1,0,0,0,2018,0
0,양식,2359.0,286,6,0,0,28,234,83,449,3,4,0,1,2728,0,0,0,1,0,0,2018,0
0,한식,2219.0,299,6,0,0,29,12,210,371,8,5,0,5,2728,0,0,0,0,0,1,2018,0
0,한식,2399.0,209,7,0,0,2,130,96,609,5,1,0,4,2704,0,0,0,0,1,0,2018,0
0,중식,2413.0,220,7,0,0,3,232,71,528,7,2,0,4,2704,0,0,0,0,1,0,2018,0
0,한식,2373.0,237,7,0,0,4,0,94,488,6,3,0,4,2704,0,0,0,0,0,1,2018,0
0,일식,2341.0,270,7,0,0,5,234,93,509,3,4,0,2,2704,0,1,0,0,0,0,2018,0
0,일식,2221.0,289,7,0,0,6,36,194,389,2,5,0,4,2704,0,0,0,0,1,0,2018,0
0,한식,2337.0,228,7,0,0,9,300,139,519,2,1,0,3,2704,0,0,0,0,0,0,2018,1
0,중식,2357.0,251,7,0,0,10,292,96,524,7,2,0,4,2704,0,0,0,1,0,0,2018,0
0,한식,2354.0,255,7,0,0,11,1,95,435,8,3,0,4,2704,0,0,0,0,0,1,2018,0
0,양식,2332.0,270,7,0,0,12,244,102,487,3,4,0,2,2704,0,0,0,0,0,0,2018,1
0,한식,2202.0,302,7,0,0,13,29,200,394,2,5,0,4,2704,0,0,0,1,0,0,2018,0
0,한식,2355.0,199,7,0,0,16,318,150,529,2,1,0,4,2704,0,0,0,0,0,0,2018,1
0,중식,2337.0,256,7,0,0,17,307,111,451,3,2,0,4,2704,0,0,0,0,0,1,2018,0
0,한식,2342.0,254,7,0,0,18,0,108,407,2,3,0,3,2704,0,0,0,0,0,1,2018,0
0,일식,2306.0,285,7,0,0,19,265,113,554,4,4,0,2,2704,0,0,0,0,0,1,2018,0
0,한식,2140.0,291,7,0,0,20,49,273,394,7,5,0,5,2704,0,0,0,0,1,0,2018,0
0,중식,2257.0,223,7,0,0,23,341,224,515,6,1,0,3,2704,1,0,0,0,0,0,2018,0
0,중식,2271.0,232,7,0,0,24,392,201,526,5,2,0,4,2704,0,0,0,0,1,0,2018,0
0,중식,2167.0,265,7,0,0,26,299,272,484,7,4,0,2,2704,0,0,0,1,0,0,2018,0
0,한식,2030.0,271,7,0,0,27,59,403,388,8,5,0,3,2704,1,0,0,0,0,0,2018,0
0,한식,2024.0,193,7,0,0,30,401,487,436,6,1,0,4,2704,0,0,0,0,1,0,2018,0
0,중식,2043.0,228,7,0,0,31,287,433,494,3,2,0,5,2704,0,0,1,0,0,0,2018,0
0,한식,2298.0,209,8,0,0,1,0,489,395,2,3,0,3,2996,0,1,0,0,0,0,2018,0
0,일식,2219.0,229,8,0,0,2,209,548,425,9,4,0,2,2996,0,0,1,0,0,0,2018,0
0,한식,2089.0,242,8,0,0,3,34,665,367,8,5,0,4,2996,0,0,0,0,0,1,2018,0
0,한식,2334.0,158,8,0,0,6,333,504,522,5,1,0,5,2996,0,0,0,1,0,0,2018,0
0,양식,2321.0,206,8,0,0,7,366,469,534,2,2,0,2,2996,0,0,0,0,1,0,2018,0
0,중식,2291.0,235,8,0,0,8,0,470,421,3,3,0,3,2996,0,0,0,0,0,1,2018,0
0,양식,2278.0,227,8,0,0,9,271,491,509,3,4,0,1,2996,0,0,0,1,0,0,2018,0
0,한식,2180.0,254,8,0,0,10,30,562,467,7,5,0,4,2996,0,1,0,0,0,0,2018,0
0,일식,2237.0,184,8,0,0,13,297,575,465,5,1,0,4,2996,1,0,0,0,0,0,2018,0
0,중식,2228.0,217,8,1,0,14,153,551,393,7,2,0,4,2996,0,0,0,1,0,0,2018,0
1,일식,2287.0,228,8,0,0,16,228,481,488,2,4,0,2,2996,0,0,1,0,0,0,2018,0
0,한식,2221.0,245,8,0,0,17,30,530,482,7,5,0,4,2996,1,0,0,0,0,0,2018,0
0,한식,2586.0,206,8,0,0,20,475,204,563,5,1,0,5,2996,0,1,0,0,0,0,2018,0
0,양식,2591.0,237,8,0,0,21,355,168,629,1,2,0,4,2996,0,0,0,0,0,0,2018,1
0,한식,2611.0,238,8,0,0,22,0,147,536,3,3,0,4,2996,0,1,0,0,0,0,2018,0
0,중식,2601.0,263,8,0,0,23,289,132,577,2,4,0,5,2996,0,0,0,0,0,0,2018,1
0,한식,2493.0,284,8,0,0,24,46,219,529,2,5,0,5,2996,0,0,0,0,0,1,2018,0
0,한식,2632.0,226,8,0,0,27,492,138,560,2,1,0,3,2996,1,0,0,0,0,0,2018,0
0,중식,2649.0,243,8,0,0,28,376,104,593,5,2,0,4,2996,0,0,0,0,1,0,2018,0
0,일식,2626.0,264,8,0,0,30,304,106,556,3,4,0,4,2996,0,0,0,0,1,0,2018,0
0,한식,2491.0,289,8,0,0,31,70,216,424,7,5,0,5,2996,0,0,0,0,0,1,2018,0
0,중식,2408.0,233,9,0,0,3,393,122,577,6,1,0,4,2763,1,0,0,0,0,0,2018,0
0,중식,2410.0,262,9,0,0,4,404,91,604,3,2,0,4,2763,0,0,0,1,0,0,2018,0
0,한식,2401.0,269,9,0,0,5,0,93,425,2,3,0,3,2763,0,0,0,0,0,0,2018,1
0,일식,2374.0,283,9,0,0,6,280,106,538,7,4,0,2,2763,0,0,0,0,1,0,2018,0
0,일식,2296.0,303,9,0,0,7,56,164,467,2,5,0,4,2763,0,0,0,0,1,0,2018,0
0,한식,2421.0,243,9,0,0,10,343,99,535,2,1,0,4,2763,0,0,0,0,1,0,2018,0
0,일식,2424.0,272,9,0,0,11,370,67,570,4,2,0,2,2763,0,0,0,0,0,1,2018,0
0,중식,2390.0,300,9,0,0,12,0,73,435,5,3,0,3,2763,0,0,0,0,1,0,2018,0
0,양식,2390.0,306,9,0,0,13,297,67,571,1,4,0,4,2763,0,0,0,0,1,0,2018,0
0,한식,2276.0,313,9,0,0,14,132,174,375,2,5,0,4,2763,0,0,0,1,0,0,2018,0
0,한식,2420.0,252,9,0,0,17,465,91,522,2,1,0,4,2763,0,0,0,0,0,1,2018,0
0,일식,2407.0,289,9,0,0,18,446,67,597,3,2,0,2,2763,0,0,1,0,0,0,2018,0
0,중식,2393.0,277,9,0,0,20,385,93,468,2,4,0,4,2763,0,0,0,0,1,0,2018,0
0,한식,2262.0,241,9,1,1,21,51,260,247,4,5,0,4,2763,0,0,0,0,0,0,2018,1
0,한식,2148.0,233,10,1,1,8,216,424,442,5,1,0,4,2805,0,1,0,0,0,0,2018,0
1,한식,2493.0,232,10,0,0,10,1044,80,751,2,3,0,3,2805,0,1,0,0,0,0,2018,0
0,일식,2498.0,240,10,0,0,11,430,67,743,3,4,0,2,2805,0,0,0,0,0,0,2018,1
0,한식,2325.0,288,10,0,0,12,28,192,467,6,5,0,4,2805,0,0,0,0,1,0,2018,0
0,한식,2461.0,243,10,0,0,15,268,101,533,8,1,0,5,2805,1,0,0,0,0,0,2018,0
0,중식,2469.0,273,10,0,0,16,315,63,570,5,2,0,4,2805,0,0,0,0,0,0,2018,1
0,한식,2443.0,294,10,0,0,17,0,68,422,2,3,0,3,2805,0,0,0,0,0,0,2018,1
0,중식,2432.0,299,10,0,0,18,175,74,532,7,4,0,5,2805,0,0,0,1,0,0,2018,0
0,중식,2295.0,303,10,0,0,19,40,207,430,6,5,0,3,2805,1,0,0,0,0,0,2018,0
0,한식,2428.0,236,10,0,0,22,290,141,498,2,1,0,4,2805,1,0,0,0,0,0,2018,0
0,중식,2455.0,277,10,0,0,23,243,73,446,2,2,0,4,2805,0,0,0,1,0,0,2018,0
0,한식,2424.0,299,10,0,0,24,1,82,464,8,3,0,5,2805,0,0,0,0,0,1,2018,0
0,중식,2380.0,315,10,0,0,25,158,110,469,5,4,0,2,2805,0,0,0,0,1,0,2018,0
0,일식,2234.0,308,10,0,0,26,25,263,370,2,5,0,3,2805,0,0,0,0,1,0,2018,0
0,한식,2400.0,250,10,0,0,29,316,155,596,8,1,0,4,2805,0,0,0,0,0,1,2018,0
0,한식,2416.0,300,10,0,0,30,206,89,449,2,2,0,4,2805,0,0,0,0,0,0,2018,1
0,양식,2427.0,299,11,0,0,1,172,89,483,3,4,0,4,2815,0,0,0,0,0,1,2018,0
0,한식,2305.0,299,11,0,0,2,43,211,434,2,5,0,4,2815,0,0,0,1,0,0,2018,0
0,한식,2463.0,248,11,0,0,5,391,104,542,8,1,0,4,2815,0,0,0,0,0,1,2018,0
0,일식,2477.0,269,11,0,0,6,393,69,540,8,2,0,4,2815,0,0,0,0,0,0,2018,1
0,한식,2448.0,299,11,0,0,7,0,68,379,2,3,0,4,2815,0,0,0,0,0,1,2018,0
0,일식,2458.0,285,11,0,0,8,305,72,443,2,4,0,3,2815,0,0,0,0,1,0,2018,0
0,한식,2328.0,302,11,0,0,9,38,185,454,8,5,0,4,2815,1,0,0,0,0,0,2018,0
0,중식,2464.0,228,11,0,0,12,401,123,574,5,1,0,3,2815,0,0,0,0,1,0,2018,0
0,중식,2444.0,280,11,0,0,13,328,91,468,3,2,0,5,2815,0,0,0,1,0,0,2018,0
0,한식,2463.0,263,11,0,0,14,0,89,391,7,3,0,4,2815,0,1,0,0,0,0,2018,0
0,중식,2386.0,282,11,0,0,15,291,147,540,5,4,0,4,2815,0,0,0,0,0,0,2018,1
0,한식,2269.0,295,11,0,0,16,59,251,435,1,5,0,4,2815,1,0,0,0,0,0,2018,0
0,한식,2467.0,230,11,0,0,19,416,118,442,2,1,0,3,2815,1,0,0,0,0,0,2018,0
0,중식,2467.0,278,11,0,0,20,344,70,485,5,2,0,4,2815,0,0,0,0,1,0,2018,0
0,한식,2444.0,290,11,0,0,21,0,81,411,7,3,0,4,2815,0,0,0,0,0,0,2018,1
0,한식,2448.0,287,11,0,0,22,325,80,436,3,4,0,4,2815,0,0,1,0,0,0,2018,0
0,한식,2288.0,305,11,0,0,23,57,222,363,7,5,0,4,2815,1,0,0,0,0,0,2018,0
0,한식,2493.0,215,11,0,0,26,447,107,476,2,1,0,4,2815,0,0,0,0,0,0,2018,1
0,일식,2491.0,264,11,0,0,27,418,60,529,7,2,0,2,2815,0,0,0,0,1,0,2018,0
0,한식,2436.0,293,11,0,0,29,354,86,454,1,4,0,4,2815,1,0,0,0,0,0,2018,0
0,중식,2305.0,314,11,0,0,30,60,196,362,5,5,0,5,2815,0,0,0,0,1,0,2018,0
0,한식,2579.0,187,12,0,0,3,798,80,544,8,1,0,4,2846,0,0,0,0,0,1,2018,0
0,양식,2536.0,246,12,0,0,4,802,64,617,3,2,0,4,2846,0,0,0,0,0,1,2018,0
0,한식,2505.0,254,12,0,0,5,0,87,414,2,3,0,3,2846,0,0,0,0,0,0,2018,1
0,양식,2490.0,266,12,0,0,6,589,90,515,3,4,0,2,2846,0,0,0,0,1,0,2018,0
0,한식,2364.0,300,12,0,0,7,83,182,353,2,5,0,3,2846,0,0,0,0,0,1,2018,0
0,한식,2544.0,204,12,0,0,10,863,98,597,1,1,0,4,2846,1,0,0,0,0,0,2018,0
0,일식,2527.0,250,12,0,0,11,716,69,569,4,2,0,2,2846,0,0,0,0,0,1,2018,0
0,한식,2509.0,262,12,0,0,12,0,75,354,5,3,0,5,2846,0,0,0,0,1,0,2018,0
0,중식,2528.0,253,12,0,0,13,652,65,475,7,4,0,4,2846,0,0,0,1,0,0,2018,0
0,한식,2409.0,277,12,0,0,14,113,160,411,5,5,0,4,2846,0,1,0,0,0,0,2018,0
0,한식,2555.0,201,12,0,0,17,602,90,421,6,1,0,4,2846,0,0,0,0,0,1,2018,0
0,일식,2516.0,243,12,0,0,18,525,87,432,2,2,0,2,2846,0,0,1,0,0,0,2018,0
0,한식,2504.0,256,12,0,0,19,0,86,390,2,3,0,4,2846,0,0,0,0,0,0,2018,1
0,양식,2498.0,242,12,0,0,20,235,106,373,3,4,0,1,2846,0,0,0,1,0,0,2018,0
0,일식,2410.0,261,12,0,0,21,163,175,456,2,5,0,3,2846,0,0,0,0,1,0,2018,0
0,한식,1793.0,159,12,1,1,24,26,894,104,5,1,0,5,2846,0,0,0,0,0,1,2018,0
0,중식,2411.0,253,12,0,0,27,132,182,251,5,4,0,5,2846,0,0,0,0,1,0,2018,0
0,한식,2267.0,264,12,0,0,28,18,315,406,2,5,0,3,2846,1,0,0,0,0,0,2018,0
0,한식,1629.0,132,12,1,1,31,28,1085,135,9,1,0,4,2846,0,0,0,0,0,1,2018,0
1,한식,2748.0,129,1,0,0,2,0,108,407,5,3,0,4,2985,0,0,0,0,1,0,2019,0
0,중식,2658.0,207,1,0,0,3,444,120,494,7,4,0,2,2985,0,0,0,0,1,0,2019,0
0,한식,2533.0,234,1,0,0,4,65,218,482,4,5,0,5,2985,1,0,0,0,0,0,2019,0
0,한식,2661.0,211,1,0,0,7,439,113,407,7,1,0,4,2985,0,1,0,0,0,0,2019,0
0,중식,2664.0,223,1,0,0,8,444,98,417,5,2,0,2,2985,0,0,0,0,1,0,2019,0
0,한식,2675.0,225,1,0,0,9,0,85,335,2,3,0,3,2985,0,0,0,0,0,1,2019,0
0,중식,2648.0,243,1,0,0,10,363,94,475,3,4,0,4,2985,0,0,0,1,0,0,2019,0
0,일식,2557.0,251,1,0,0,11,1,177,430,5,5,0,4,2985,1,0,0,0,0,0,2019,0
0,한식,2700.0,186,1,0,0,14,487,99,573,2,1,0,4,2985,0,0,0,0,0,0,2019,1
0,양식,2691.0,223,1,0,0,15,417,71,569,3,2,0,4,2985,0,0,0,0,0,1,2019,0
0,한식,2677.0,228,1,0,0,16,0,80,356,7,3,0,4,2985,1,0,0,0,0,0,2019,0
0,일식,2667.0,247,1,0,0,17,326,71,515,3,4,0,4,2985,0,0,0,0,1,0,2019,0
0,한식,2513.0,276,1,0,0,18,1,196,386,2,5,0,3,2985,0,0,0,0,0,1,2019,0
0,한식,2672.0,199,1,0,0,21,468,114,579,6,1,0,3,2985,0,0,0,0,0,1,2019,0
0,일식,2682.0,230,1,0,0,22,436,73,564,3,2,0,4,2985,0,0,0,0,0,0,2019,1
0,한식,2675.0,224,1,0,0,23,0,86,392,7,3,0,4,2985,0,0,0,0,1,0,2019,0
0,일식,2653.0,241,1,0,0,24,401,91,520,4,4,0,2,2985,0,0,0,1,0,0,2019,0
0,한식,2532.0,267,1,0,0,25,1,186,431,5,5,0,4,2985,0,0,0,0,0,1,2019,0
0,한식,2688.0,203,1,0,0,28,426,94,511,3,1,0,4,2985,0,1,0,0,0,0,2019,0
0,중식,2705.0,219,1,0,0,29,385,61,278,3,2,0,5,2985,0,0,1,0,0,0,2019,0
0,양식,2671.0,218,1,0,0,31,325,96,524,3,4,0,1,2985,0,0,0,1,0,0,2019,0
0,한식,2343.0,180,2,1,1,1,2,283,171,8,5,0,4,2806,1,0,0,0,0,0,2019,0
1,한식,2313.0,101,2,0,1,7,447,392,553,5,4,0,4,2806,0,0,0,0,1,0,2019,0
0,한식,2243.0,190,2,0,0,8,3,373,532,2,5,0,3,2806,0,0,0,1,0,0,2019,0
0,한식,2580.0,159,2,0,0,11,758,67,772,5,1,0,4,2806,0,0,0,1,0,0,2019,0
0,중식,2515.0,240,2,0,0,12,648,51,649,7,2,0,4,2806,0,0,0,1,0,0,2019,0
0,한식,2514.0,231,2,0,0,13,0,61,497,7,3,0,4,2806,0,0,0,0,0,1,2019,0
0,일식,2494.0,239,2,0,0,14,605,73,578,3,4,0,2,2806,0,0,1,0,0,0,2019,0
0,중식,2369.0,278,2,0,0,15,1,159,450,2,5,0,3,2806,0,0,0,1,0,0,2019,0
0,한식,2507.0,195,2,0,0,18,728,104,678,7,1,0,4,2806,0,0,0,0,0,1,2019,0
0,중식,2516.0,228,2,0,0,19,663,62,653,5,2,0,4,2806,0,0,0,0,1,0,2019,0
0,한식,2500.0,241,2,0,0,20,0,65,472,2,3,0,4,2806,0,0,0,0,1,0,2019,0
0,양식,2456.0,269,2,0,0,21,540,81,620,2,4,0,2,2806,0,0,0,0,1,0,2019,0
0,한식,2327.0,301,2,0,0,22,1,178,478,5,5,0,5,2806,0,0,0,0,0,1,2019,0
0,중식,2470.0,214,2,0,0,25,752,122,645,6,1,0,4,2806,1,0,0,0,0,0,2019,0
0,중식,2458.0,239,2,0,0,26,644,109,566,5,2,0,5,2806,0,0,0,0,1,0,2019,0
0,한식,2281.0,271,2,1,1,28,116,254,464,6,4,0,3,2806,0,0,0,0,0,1,2019,0
1,한식,2451.0,172,3,0,1,4,708,213,658,8,1,0,4,2836,1,0,0,0,0,0,2019,0
0,일식,2539.0,230,3,0,0,5,736,67,646,4,2,0,2,2836,0,0,0,0,0,1,2019,0
0,한식,2542.0,238,3,0,0,6,0,56,443,2,3,0,3,2836,0,0,0,0,0,1,2019,0
0,양식,2526.0,265,3,0,0,7,589,45,637,3,4,0,4,2836,0,0,0,0,0,1,2019,0
0,한식,2406.0,300,3,0,0,8,4,130,542,5,5,0,4,2836,0,0,0,0,0,0,2019,1
0,한식,2550.0,205,3,0,0,11,690,81,707,7,1,0,4,2836,0,0,0,0,0,1,2019,0
0,일식,2533.0,244,3,0,0,12,642,59,653,3,2,0,4,2836,0,0,0,0,1,0,2019,0
0,한식,2531.0,244,3,0,0,13,0,61,442,5,3,0,4,2836,0,0,0,0,1,0,2019,0
0,양식,2488.0,286,3,0,0,14,417,62,530,3,4,0,1,2836,0,0,1,0,0,0,2019,0
0,중식,2358.0,304,3,0,0,15,4,174,466,7,5,0,4,2836,0,0,0,1,0,0,2019,0
0,한식,2512.0,217,3,0,0,18,607,107,619,5,1,0,4,2836,0,0,0,0,0,1,2019,0
0,일식,2516.0,248,3,0,0,19,553,72,627,2,2,0,2,2836,0,0,0,0,1,0,2019,0
0,한식,2498.0,261,3,0,0,20,0,77,412,2,3,0,3,2836,0,0,0,0,0,0,2019,1
0,양식,2495.0,260,3,0,0,21,457,81,470,1,4,0,2,2836,0,0,0,0,1,0,2019,0
0,한식,2373.0,295,3,0,0,22,3,168,466,8,5,0,4,2836,0,0,0,0,0,1,2019,0
0,한식,2493.0,232,3,0,0,25,585,111,555,7,1,0,4,2836,0,0,0,0,0,0,2019,1
0,중식,2501.0,252,3,0,0,26,525,83,541,5,2,0,4,2836,0,0,0,0,1,0,2019,0
0,일식,2470.0,282,3,0,0,28,522,84,597,2,4,0,2,2836,0,0,1,0,0,0,2019,0
0,중식,2296.0,301,3,0,0,29,1,239,402,5,5,0,3,2836,0,0,0,0,1,0,2019,0
0,한식,2499.0,197,4,0,0,1,611,126,577,3,1,0,4,2822,0,0,0,0,0,0,2019,1
0,양식,2502.0,253,4,0,0,2,514,67,491,7,2,0,5,2822,0,0,0,1,0,0,2019,0
0,한식,2480.0,283,4,0,0,3,0,59,411,7,3,0,4,2822,1,0,0,0,0,0,2019,0
0,일식,2474.0,288,4,0,0,4,429,60,462,2,4,0,3,2822,0,0,0,0,1,0,2019,0
0,중식,2334.0,303,4,0,0,5,1,185,436,6,5,0,4,2822,1,0,0,0,0,0,2019,0
0,한식,2496.0,222,4,0,0,8,592,104,607,5,1,0,4,2822,0,0,0,0,0,1,2019,0
0,일식,2514.0,239,4,0,0,9,578,69,590,3,2,0,4,2822,0,0,0,0,0,0,2019,1
0,한식,2513.0,245,4,0,0,10,0,64,350,2,3,0,3,2822,0,0,0,0,0,0,2019,1
0,중식,2522.0,248,4,0,0,11,434,52,524,3,4,0,2,2822,0,1,0,0,0,0,2019,0
0,한식,2379.0,288,4,0,0,12,0,155,435,7,5,0,4,2822,0,0,0,0,1,0,2019,0
0,일식,2531.0,178,4,0,0,15,609,113,647,2,1,0,3,2822,0,0,0,0,1,0,2019,0
0,양식,2534.0,234,4,0,0,16,552,54,607,3,2,0,4,2822,0,0,0,0,0,0,2019,1
0,한식,2502.0,263,4,0,0,17,0,57,472,5,3,0,4,2822,0,0,0,0,1,0,2019,0
0,중식,2465.0,281,4,0,0,18,458,76,528,2,4,0,5,2822,0,0,0,0,1,0,2019,0
0,한식,2298.0,294,4,0,0,19,1,230,412,7,5,0,4,2822,0,0,0,0,0,1,2019,0
0,일식,2460.0,253,4,0,0,22,533,109,494,5,1,0,4,2822,1,0,0,0,0,0,2019,0
0,한식,2490.0,272,4,0,0,23,576,60,567,2,2,0,4,2822,0,0,0,0,0,0,2019,1
0,중식,2443.0,294,4,0,0,25,452,85,500,2,4,0,4,2822,0,0,0,0,1,0,2019,0
0,중식,2310.0,297,4,0,0,26,0,215,392,5,5,0,4,2822,0,0,0,0,1,0,2019,0
0,한식,2418.0,252,4,0,0,29,544,152,564,2,1,0,3,2822,0,0,0,0,0,0,2019,1
0,일식,2372.0,298,4,0,0,30,290,152,430,3,2,0,2,2822,0,0,1,0,0,0,2019,0
0,중식,2275.0,303,5,0,0,2,384,247,423,3,4,0,4,2825,0,0,0,1,0,0,2019,0
0,한식,2201.0,276,5,1,1,3,1,348,420,7,5,0,5,2825,0,0,0,0,0,1,2019,0
1,한식,2419.0,271,5,0,1,7,606,135,590,5,2,0,4,2825,0,0,0,0,0,1,2019,0
0,한식,2448.0,296,5,0,0,8,0,81,423,2,3,0,3,2825,0,0,0,0,0,0,2019,1
0,중식,2447.0,286,5,0,0,9,538,92,531,8,4,0,4,2825,0,0,0,0,0,0,2019,1
0,중식,2357.0,302,5,0,0,10,0,166,438,7,5,0,4,2825,0,0,0,1,0,0,2019,0
0,한식,2475.0,231,5,0,0,13,599,119,507,2,1,0,4,2825,0,1,0,0,0,0,2019,0
0,일식,2493.0,256,5,0,0,14,601,76,587,3,2,0,2,2825,0,0,0,0,0,0,2019,1
0,한식,2472.0,284,5,0,0,15,0,69,368,8,3,0,4,2825,0,0,0,0,0,1,2019,0
0,중식,2470.0,283,5,0,0,16,482,72,521,2,4,0,2,2825,0,0,0,0,1,0,2019,0
0,한식,2310.0,291,5,0,0,17,1,224,362,1,5,0,3,2825,1,0,0,0,0,0,2019,0
0,중식,2502.0,223,5,0,0,20,602,100,516,3,1,0,4,2825,0,0,0,0,0,1,2019,0
0,일식,2482.0,279,5,0,0,21,563,64,567,2,2,0,2,2825,0,0,1,0,0,0,2019,0
0,중식,2493.0,272,5,0,0,22,0,60,405,7,3,0,4,2825,0,0,0,1,0,0,2019,0
0,양식,2462.0,302,5,0,0,23,447,61,509,3,4,0,1,2825,0,0,0,0,0,1,2019,0
0,한식,2325.0,307,5,0,0,24,0,193,328,3,5,0,4,2825,0,0,0,0,1,0,2019,0
0,한식,2527.0,212,5,0,0,27,644,86,550,8,1,0,4,2825,1,0,0,0,0,0,2019,0
0,일식,2542.0,229,5,0,0,28,632,54,590,3,2,0,4,2825,0,0,1,0,0,0,2019,0
0,일식,2494.0,258,5,0,0,30,517,73,527,3,4,0,4,2825,0,0,1,0,0,0,2019,0
0,한식,2355.0,291,5,0,0,31,0,179,378,5,5,0,4,2825,0,0,0,0,0,1,2019,0
0,한식,2446.0,225,6,0,0,3,702,87,572,2,1,0,4,2758,0,0,0,0,1,0,2019,0
0,일식,2442.0,251,6,0,0,4,592,65,486,5,2,0,2,2758,0,0,0,0,0,0,2019,1
0,중식,2367.0,247,6,1,0,5,0,144,502,7,3,0,4,2758,0,1,0,0,0,0,2019,0
1,한식,1649.0,219,6,0,1,7,3,890,244,5,5,0,4,2758,0,0,0,0,1,0,2019,0
0,한식,2408.0,236,6,0,0,10,673,114,568,7,1,0,4,2758,0,0,0,0,0,0,2019,1
0,중식,2436.0,267,6,0,0,11,624,55,555,4,2,0,2,2758,0,0,0,0,0,1,2019,0
0,한식,2420.0,278,6,0,0,12,0,60,359,2,3,0,4,2758,0,0,0,0,0,0,2019,1
0,일식,2405.0,288,6,0,0,13,507,65,520,9,4,0,4,2758,0,0,1,0,0,0,2019,0
0,한식,2270.0,295,6,0,0,14,4,193,373,1,5,0,5,2758,1,0,0,0,0,0,2019,0
0,중식,2423.0,240,6,0,0,17,640,95,534,6,1,0,4,2758,1,0,0,0,0,0,2019,0
0,중식,2429.0,264,6,0,0,18,558,65,491,3,2,0,4,2758,0,0,0,0,0,1,2019,0
0,한식,2420.0,260,6,0,0,19,0,78,420,5,3,0,4,2758,0,0,0,0,0,1,2019,0
0,중식,2377.0,291,6,0,0,20,444,90,419,5,4,0,3,2758,0,0,0,0,1,0,2019,0
0,한식,2276.0,294,6,0,0,21,0,188,381,4,5,0,3,2758,0,0,1,0,0,0,2019,0
0,한식,2444.0,213,6,0,0,24,692,101,540,2,1,0,3,2758,0,0,0,0,0,1,2019,0
0,중식,2426.0,265,6,0,0,25,573,67,472,3,2,0,5,2758,0,0,0,0,0,1,2019,0
0,양식,2393.0,280,6,0,0,27,478,85,501,8,4,0,4,2758,0,0,0,0,0,0,2019,1
0,한식,2241.0,288,6,0,0,28,2,229,373,7,5,0,4,2758,0,0,0,0,1,0,2019,0
0,한식,2427.0,218,7,0,0,1,512,115,512,2,1,0,3,2760,0,0,0,0,0,0,2019,1
0,일식,2436.0,237,7,0,0,2,490,87,504,2,2,0,2,2760,0,0,0,0,1,0,2019,0
0,한식,2413.0,265,7,0,0,3,0,82,324,7,3,0,4,2760,0,0,0,0,0,1,2019,0
0,중식,2356.0,309,7,0,0,4,434,95,565,2,4,0,2,2760,0,0,0,0,0,0,2019,1
0,중식,2261.0,289,7,0,0,5,0,210,371,7,5,0,4,2760,0,0,0,1,0,0,2019,0
0,한식,2328.0,277,7,0,0,8,536,155,465,2,1,0,4,2760,0,0,0,1,0,0,2019,0
0,일식,2410.0,275,7,0,0,9,466,75,472,3,2,0,2,2760,0,0,1,0,0,0,2019,0
0,한식,2351.0,286,7,0,0,10,0,123,326,2,3,0,3,2760,0,0,0,0,1,0,2019,0
0,한식,2357.0,301,7,0,0,11,371,102,475,8,4,0,4,2760,0,0,0,0,0,1,2019,0
0,한식,2210.0,306,7,0,0,12,0,244,385,8,5,0,4,2760,1,0,0,0,0,0,2019,0
0,한식,2384.0,232,7,0,0,15,396,144,453,2,1,0,4,2760,0,0,0,0,0,1,2019,0
0,일식,2433.0,227,7,0,0,16,426,100,477,4,2,0,2,2760,0,0,0,0,0,1,2019,0
0,한식,2405.0,259,7,0,0,17,0,96,274,7,3,0,4,2760,1,0,0,0,0,0,2019,0
0,양식,2373.0,274,7,0,0,18,310,113,455,3,4,0,4,2760,0,0,0,0,1,0,2019,0
0,한식,2233.0,291,7,0,0,19,0,236,367,5,5,0,5,2760,0,1,0,0,0,0,2019,0
0,한식,2319.0,218,7,0,0,22,438,223,503,9,1,0,4,2760,0,0,0,0,0,1,2019,0
0,한식,2308.0,246,7,0,0,23,449,206,516,2,2,0,4,2760,0,0,0,1,0,0,2019,0
0,한식,2284.0,252,7,0,0,24,0,224,322,3,3,0,4,2760,0,0,0,0,0,0,2019,1
0,중식,2205.0,279,7,0,0,25,347,276,370,7,4,0,4,2760,0,0,0,1,0,0,2019,0
0,한식,2084.0,280,7,0,0,26,1,396,336,7,5,0,4,2760,1,0,0,0,0,0,2019,0
0,한식,2102.0,183,7,0,0,29,424,475,431,8,1,0,4,2760,0,0,0,0,0,1,2019,0
0,중식,2113.0,213,7,0,0,30,382,434,457,5,2,0,4,2760,0,0,0,0,1,0,2019,0
0,일식,2540.0,219,8,0,0,1,285,546,463,7,4,0,2,3305,0,0,0,0,1,0,2019,0
0,한식,2381.0,237,8,0,0,2,2,687,274,2,5,0,4,3305,0,0,0,0,0,0,2019,1
0,한식,2660.0,183,8,0,0,5,392,462,445,2,1,0,3,3305,0,0,0,0,0,0,2019,1
0,중식,2675.0,203,8,0,0,6,392,427,513,3,2,0,4,3305,0,0,0,0,0,1,2019,0
0,한식,2651.0,233,8,0,0,7,1,421,304,7,3,0,4,3305,1,0,0,0,0,0,2019,0
0,중식,2621.0,254,8,0,0,8,364,430,482,5,4,0,2,3305,0,0,0,0,0,0,2019,1
0,한식,2548.0,261,8,0,0,9,3,496,401,3,5,0,4,3305,0,1,0,0,0,0,2019,0
0,한식,2703.0,208,8,0,0,12,424,394,527,5,1,0,5,3305,0,0,0,0,1,0,2019,0
0,중식,2706.0,254,8,0,0,13,411,345,519,4,2,0,4,3305,0,0,0,0,0,1,2019,0
0,한식,2629.0,246,8,1,0,14,2,430,421,2,3,0,4,3305,0,0,0,0,0,1,2019,0
1,중식,2071.0,208,8,0,1,16,7,1026,313,7,5,0,5,3305,0,0,0,0,0,1,2019,0
0,한식,2829.0,212,8,0,0,19,569,264,530,5,1,0,4,3305,0,1,0,0,0,0,2019,0
0,일식,2845.0,255,8,0,0,20,534,205,534,2,2,0,2,3305,0,0,0,0,1,0,2019,0
0,한식,2826.0,265,8,0,0,21,0,214,423,6,3,0,5,3305,0,0,0,0,0,1,2019,0
0,양식,2852.0,275,8,0,0,22,468,178,514,7,4,0,5,3305,0,0,0,1,0,0,2019,0
0,중식,2742.0,295,8,0,0,23,2,268,393,7,5,0,5,3305,0,1,0,0,0,0,2019,0
0,한식,2913.0,230,8,0,0,26,596,162,547,7,1,0,4,3305,0,0,0,0,0,1,2019,0
0,중식,2921.0,266,8,0,0,27,550,118,516,3,2,0,2,3305,0,1,0,0,0,0,2019,0
0,일식,2884.0,289,8,0,0,29,435,132,550,8,4,0,4,3305,0,0,0,0,0,0,2019,1
0,한식,2747.0,305,8,0,0,30,1,253,385,5,5,0,4,3305,0,0,0,0,1,0,2019,0
0,한식,2761.0,213,9,0,0,2,564,137,609,5,1,0,4,3111,0,0,0,0,1,0,2019,0
0,양식,2754.0,254,9,0,0,3,460,103,573,5,2,0,2,3111,0,0,1,0,0,0,2019,0
0,한식,2739.0,270,9,0,0,4,0,102,412,7,3,0,4,3111,0,0,0,0,1,0,2019,0
0,한식,2701.0,292,9,0,0,5,391,118,557,3,4,0,5,3111,0,0,1,0,0,0,2019,0
0,한식,2596.0,301,9,0,0,6,0,214,349,8,5,0,4,3111,0,0,0,0,0,1,2019,0
0,한식,2746.0,217,9,0,0,9,523,148,612,5,1,0,5,3111,0,0,0,0,0,1,2019,0
0,양식,2731.0,238,9,0,0,10,401,142,541,3,2,0,4,3111,0,0,0,0,0,1,2019,0
0,중식,2550.0,135,9,1,1,11,0,426,123,3,3,0,4,3111,0,0,0,0,0,1,2019,0
1,양식,2672.0,180,9,0,1,16,631,259,687,1,1,0,4,3111,0,0,0,0,0,0,2019,1
0,일식,2795.0,241,9,0,0,17,606,75,640,3,2,0,4,3111,0,0,0,0,0,0,2019,1
0,한식,2790.0,250,9,0,0,18,0,71,418,8,3,0,4,3111,0,0,0,0,0,1,2019,0
0,한식,2741.0,290,9,0,0,19,441,80,480,3,4,0,3,3111,0,0,0,0,0,0,2019,1
0,한식,2627.0,302,9,0,0,20,2,182,415,5,5,0,3,3111,0,1,0,0,0,0,2019,0
0,한식,2783.0,214,9,0,0,23,569,114,595,2,1,0,3,3111,0,0,0,0,0,0,2019,1
0,한식,2775.0,265,9,0,0,24,631,71,570,5,2,0,4,3111,0,0,0,1,0,0,2019,0
0,중식,2724.0,312,9,0,0,26,542,75,474,5,4,0,4,3111,0,0,0,0,1,0,2019,0
0,한식,2625.0,309,9,0,0,27,2,177,368,7,5,0,4,3111,0,0,0,0,0,1,2019,0
0,한식,2597.0,231,9,0,0,30,366,283,516,2,1,0,4,3111,0,0,0,0,0,1,2019,0
0,한식,2660.0,217,10,1,0,2,310,244,743,8,3,0,4,3121,1,0,0,0,0,0,2019,0
1,양식,2622.0,231,10,0,1,4,428,268,755,1,5,0,4,3121,0,0,0,0,0,0,2019,1
0,한식,2713.0,215,10,0,0,7,447,193,492,2,1,0,3,3121,0,0,0,0,0,0,2019,1
0,중식,2645.0,262,10,1,0,8,247,214,521,3,2,0,2,3121,0,0,0,0,0,0,2019,1
1,일식,2568.0,269,10,0,0,10,398,284,546,8,4,0,2,3121,0,0,0,0,0,0,2019,1
0,중식,2447.0,285,10,0,0,11,3,389,312,2,5,0,3,3121,0,0,0,1,0,0,2019,0
0,한식,2732.0,237,10,0,0,14,529,152,601,6,1,0,4,3121,0,0,0,0,0,1,2019,0
0,중식,2749.0,260,10,0,0,15,534,112,550,2,2,0,4,3121,0,0,0,0,0,0,2019,1
0,한식,2727.0,278,10,0,0,16,1,116,334,2,3,0,4,3121,0,0,0,0,0,0,2019,1
0,한식,2676.0,301,10,0,0,17,364,144,479,5,4,0,4,3121,0,1,0,0,0,0,2019,0
0,중식,2489.0,300,10,0,0,18,2,332,345,7,5,0,4,3121,0,0,0,1,0,0,2019,0
0,한식,2726.0,227,10,0,0,21,709,168,561,8,1,0,5,3121,0,0,0,0,0,1,2019,0
0,일식,2644.0,378,10,0,0,22,381,99,446,4,2,0,2,3121,0,0,0,0,0,1,2019,0
0,한식,2746.0,286,10,0,0,23,2,89,419,8,3,0,4,3121,0,0,0,0,0,1,2019,0
0,중식,2679.0,313,10,0,0,24,410,129,409,7,4,0,4,3121,0,0,0,0,1,0,2019,0
0,중식,2482.0,323,10,0,0,25,1,316,304,6,5,0,3,3121,1,0,0,0,0,0,2019,0
0,중식,2635.0,267,10,0,0,28,464,219,436,2,1,0,5,3121,0,0,0,0,1,0,2019,0
0,일식,2716.0,293,10,0,0,29,477,112,517,5,2,0,2,3121,0,0,0,0,0,0,2019,1
0,일식,2679.0,312,10,0,0,31,430,130,475,3,4,0,4,3121,0,0,0,0,0,0,2019,1
0,한식,2529.0,327,11,0,0,1,1,248,317,7,5,0,4,3104,1,0,0,0,0,0,2019,0
0,양식,2710.0,239,11,0,0,4,538,155,552,1,1,0,4,3104,0,0,0,0,0,0,2019,1
0,한식,2729.0,289,11,0,0,5,541,86,475,3,2,0,4,3104,0,0,1,0,0,0,2019,0
0,한식,2690.0,295,11,0,0,6,0,119,321,2,3,0,3,3104,0,0,0,0,0,0,2019,1
0,양식,2669.0,302,11,0,0,7,424,133,460,3,4,0,4,3104,0,0,0,0,0,1,2019,0
0,한식,2524.0,309,11,0,0,8,1,271,321,3,5,0,4,3104,0,0,0,0,0,0,2019,1
0,한식,2718.0,236,11,0,0,11,568,150,489,9,1,0,4,3104,0,0,0,0,0,1,2019,0
0,일식,2726.0,272,11,0,0,12,481,106,456,8,2,0,2,3104,0,0,0,0,0,0,2019,1
0,한식,2678.0,290,11,0,0,13,0,136,328,7,3,0,4,3104,1,0,0,0,0,0,2019,0
0,한식,2630.0,286,11,0,0,14,453,188,466,3,4,0,3,3104,0,0,0,0,0,0,2019,1
0,한식,2436.0,303,11,0,0,15,1,365,342,8,5,0,4,3104,0,0,0,0,0,1,2019,0
0,한식,2691.0,230,11,0,0,18,672,183,527,8,1,0,4,3104,0,0,0,0,0,1,2019,0
0,중식,2680.0,285,11,0,0,19,562,139,529,3,2,0,2,3104,0,1,0,0,0,0,2019,0
0,한식,2642.0,288,11,0,0,20,0,174,386,7,3,0,4,3104,0,0,0,0,0,0,2019,1
0,중식,2612.0,304,11,0,0,21,480,188,442,5,4,0,3,3104,0,0,0,0,1,0,2019,0
0,한식,2465.0,310,11,0,0,22,1,329,313,1,5,0,3,3104,1,0,0,0,0,0,2019,0
0,한식,2699.0,235,11,0,0,25,733,170,609,7,1,0,4,3104,0,1,0,0,0,0,2019,0
0,중식,2705.0,270,11,0,0,26,634,129,511,3,2,0,4,3104,0,0,0,1,0,0,2019,0
0,일식,2640.0,297,11,0,0,28,558,167,460,2,4,0,2,3104,0,0,0,0,1,0,2019,0
0,한식,2496.0,326,11,0,0,29,1,282,256,2,5,0,3,3104,0,0,0,0,0,0,2019,1
0,한식,2741.0,201,12,0,0,2,748,169,580,2,1,0,4,3111,0,0,0,0,0,1,2019,0
0,중식,2749.0,247,12,0,0,3,789,115,566,3,2,0,4,3111,0,0,0,0,0,0,2019,1
0,한식,2736.0,257,12,0,0,4,1,118,329,7,3,0,4,3111,0,0,0,0,1,0,2019,0
0,일식,2686.0,280,12,0,0,5,549,145,483,3,4,0,2,3111,0,0,1,0,0,0,2019,0
0,양식,2500.0,299,12,0,0,6,5,312,315,1,5,0,4,3111,0,0,0,0,0,0,2019,1
0,일식,2729.0,192,12,0,0,9,819,190,521,5,1,0,4,3111,1,0,0,0,0,0,2019,0
0,일식,2708.0,248,12,0,0,10,800,155,519,4,2,0,5,3111,0,0,0,0,0,1,2019,0
0,한식,2678.0,265,12,0,0,11,0,168,327,8,3,0,5,3111,0,0,0,0,0,1,2019,0
0,중식,2664.0,257,12,0,0,12,586,190,411,7,4,0,4,3111,0,0,0,0,1,0,2019,0
0,한식,2535.0,310,12,0,0,13,2,266,380,4,5,0,4,3111,1,0,0,0,0,0,2019,0
0,한식,2694.0,211,12,0,0,16,709,206,464,5,1,0,5,3111,0,0,0,0,1,0,2019,0
0,일식,2689.0,267,12,0,0,17,613,155,472,3,2,0,2,3111,0,1,0,0,0,0,2019,0
0,한식,2659.0,283,12,0,0,18,3,169,278,7,3,0,4,3111,0,0,0,0,0,1,2019,0
0,한식,2676.0,270,12,0,0,19,591,165,321,2,4,0,3,3111,0,0,0,0,0,0,2019,1
0,한식,2513.0,261,12,0,0,20,4,337,353,2,5,0,4,3111,0,0,0,0,0,1,2019,0
0,한식,2540.0,228,12,0,0,23,131,343,124,6,1,0,3,3111,0,0,0,0,0,1,2019,0
0,양식,2417.0,216,12,1,0,24,52,478,221,3,2,0,1,3111,0,0,0,1,0,0,2019,0
1,양식,2324.0,249,12,0,0,26,151,538,203,2,4,0,2,3111,0,0,0,0,0,0,2019,1
0,한식,2169.0,236,12,0,0,27,1,706,226,2,5,0,4,3111,0,0,0,0,0,0,2019,1
0,한식,2356.0,192,12,0,0,30,98,563,132,2,1,0,3,3111,0,0,0,0,0,0,2019,1
1,일식,2433.0,133,1,0,0,2,338,255,362,2,4,0,4,2821,0,0,0,0,1,0,2020,0
0,한식,2314.0,186,1,0,0,3,3,321,344,7,5,0,4,2821,1,0,0,0,0,0,2020,0
0,한식,2494.0,203,1,0,0,6,424,119,389,2,1,5,4,2821,0,0,0,1,0,0,2020,0
0,일식,2515.0,204,1,0,0,7,448,95,490,2,2,7,2,2821,0,0,0,0,1,0,2020,0
0,한식,2477.0,222,1,0,0,8,7,117,321,6,3,5,3,2821,0,0,0,0,0,1,2020,0
0,양식,2449.0,241,1,0,0,9,426,124,474,3,4,7,1,2821,0,0,0,1,0,0,2020,0
0,한식,2292.0,262,1,0,0,10,0,264,320,8,5,3,4,2821,1,0,0,0,0,0,2020,0
0,한식,2462.0,218,1,0,0,13,526,141,454,8,1,0,4,2821,0,0,0,0,0,1,2020,0
0,일식,2489.0,236,1,0,0,14,388,96,272,4,2,0,2,2821,0,0,0,0,0,1,2020,0
0,한식,2489.0,235,1,0,0,15,4,97,350,7,3,0,4,2821,0,0,0,0,0,1,2020,0
0,중식,2485.0,244,1,0,0,16,390,92,457,7,4,0,4,2821,0,0,0,1,0,0,2020,0
0,중식,2310.0,269,1,0,0,17,0,242,344,4,5,0,5,2821,1,0,0,0,0,0,2020,0
0,한식,2490.0,199,1,0,0,20,488,132,439,8,1,0,4,2821,0,0,0,0,0,1,2020,0
0,일식,2488.0,237,1,0,0,21,491,96,478,3,2,0,2,2821,0,1,0,0,0,0,2020,0
0,한식,2459.0,232,1,0,0,22,5,130,354,6,3,0,4,2821,0,0,0,0,0,1,2020,0
0,한식,2199.0,141,1,1,1,23,38,481,117,2,4,0,3,2821,0,0,0,0,0,0,2020,1
1,중식,2394.0,143,1,0,1,28,670,284,639,7,2,0,4,2821,0,0,0,0,1,0,2020,0
0,일식,2484.0,261,1,0,0,30,482,76,497,1,4,0,2,2821,0,0,0,0,1,0,2020,0
0,한식,2373.0,265,1,0,0,31,0,183,368,7,5,0,4,2821,1,0,0,0,0,0,2020,0
0,중식,2562.0,208,2,0,0,3,537,101,495,5,1,1,4,2872,0,0,0,0,1,0,2020,0
0,일식,2578.0,222,2,0,0,4,471,72,304,2,2,0,2,2872,0,0,0,0,1,0,2020,0
0,한식,2595.0,215,2,0,0,5,4,62,276,2,3,0,3,2872,0,0,0,0,0,1,2020,0
0,일식,2549.0,233,2,0,0,6,426,90,369,3,4,0,4,2872,0,0,1,0,0,0,2020,0
0,한식,2485.0,247,2,0,0,7,2,140,326,7,5,0,4,2872,0,0,0,0,0,1,2020,0
0,중식,2671.0,136,2,0,0,10,617,65,633,3,1,0,4,2872,0,0,0,0,0,1,2020,0
0,중식,2622.0,198,2,0,0,11,748,52,668,2,2,0,4,2872,0,0,1,0,0,0,2020,0
0,중식,2597.0,210,2,0,0,12,5,65,411,6,3,0,3,2872,1,0,0,0,0,0,2020,0
0,한식,2552.0,249,2,0,0,13,620,71,575,3,4,0,3,2872,0,0,0,0,0,0,2020,1
0,한식,2439.0,273,2,0,0,14,0,160,436,1,5,0,4,2872,0,0,0,0,1,0,2020,0
0,한식,2602.0,196,2,0,0,17,722,74,649,5,1,0,5,2872,0,1,0,0,0,0,2020,0
0,중식,2586.0,239,2,0,0,18,666,47,630,4,2,0,2,2872,0,0,0,0,0,1,2020,0
0,한식,2586.0,224,2,0,0,19,1,62,434,3,3,0,4,2872,0,0,0,1,0,0,2020,0
0,중식,2540.0,254,2,0,0,20,549,78,542,2,4,0,4,2872,0,0,0,0,1,0,2020,0
0,한식,2414.0,277,2,0,0,21,0,181,380,2,5,0,3,2872,0,0,0,0,0,0,2020,1
0,일식,2572.0,156,2,0,0,24,846,144,767,2,1,0,3,2872,0,0,0,0,1,0,2020,0
0,중식,2597.0,158,2,0,0,25,806,117,776,8,2,0,2,2872,0,0,0,0,0,0,2020,1
0,중식,2529.0,217,2,0,0,27,667,121,673,7,4,5,4,2872,0,0,0,1,0,0,2020,0
0,한식,2421.0,234,2,0,0,28,0,210,414,7,5,7,4,2872,0,1,0,0,0,0,2020,0
0,한식,2695.0,133,3,0,0,2,786,108,771,7,1,14,4,2950,0,0,0,0,0,0,2020,1
0,중식,2677.0,185,3,0,0,3,753,76,598,3,2,12,4,2950,0,0,0,0,0,1,2020,0
0,한식,2652.0,205,3,0,0,4,1,74,462,4,3,19,4,2950,0,0,0,0,0,0,2020,1
0,일식,2619.0,232,3,0,0,5,612,84,630,3,4,15,2,2950,0,0,1,0,0,0,2020,0
0,중식,2521.0,251,3,0,0,6,0,166,379,7,5,12,5,2950,0,0,0,1,0,0,2020,0
0,중식,2714.0,129,3,0,0,9,784,91,640,7,1,16,4,2950,0,1,0,0,0,0,2020,0
0,중식,2695.0,168,3,0,0,10,678,67,575,3,2,20,4,2950,0,0,0,0,1,0,2020,0
0,한식,2656.0,197,3,0,0,11,0,74,487,7,3,23,4,2950,0,0,0,0,0,0,2020,1
0,한식,2612.0,243,3,0,0,12,555,78,614,4,4,17,4,2950,0,0,0,0,0,1,2020,0
0,한식,2506.0,259,3,0,0,13,0,165,343,5,5,20,4,2950,0,0,0,0,0,1,2020,0
0,한식,2722.0,138,3,0,0,16,789,69,630,5,1,21,4,2950,0,1,0,0,0,0,2020,0
0,한식,2698.0,171,3,0,0,17,679,61,520,1,2,20,4,2950,0,0,0,0,0,1,2020,0
0,한식,2668.0,210,3,0,0,18,0,47,383,2,3,25,4,2950,0,0,0,0,1,0,2020,0
0,양식,2626.0,235,3,0,0,19,560,70,541,3,4,19,1,2950,0,0,0,1,0,0,2020,0
0,양식,2376.0,263,3,0,0,20,3,176,358,1,5,135,5,2950,0,0,0,0,0,0,2020,1
0,일식,2378.0,178,3,0,0,23,687,109,651,2,1,285,3,2950,0,0,0,0,1,0,2020,0
0,일식,2379.0,137,3,0,0,24,639,131,754,7,2,303,4,2950,0,0,0,0,1,0,2020,0
0,한식,2379.0,146,3,0,0,25,1,122,526,3,3,303,3,2950,0,0,1,0,0,0,2020,0
0,일식,2396.0,133,3,0,0,26,584,133,645,2,4,288,2,2950,0,0,0,0,1,0,2020,0
0,한식,2280.0,156,3,0,0,27,0,254,377,8,5,260,4,2950,0,0,0,0,0,1,2020,0
0,한식,2179.0,53,3,0,0,30,627,230,625,8,1,488,4,2950,0,0,0,0,0,1,2020,0
0,일식,2181.0,43,3,0,0,31,528,193,601,2,2,533,2,2950,0,0,1,0,0,0,2020,0
0,한식,2258.0,56,4,0,0,1,0,228,561,3,3,420,3,2962,1,0,0,0,0,0,2020,0
0,양식,2242.0,89,4,0,0,2,490,236,645,3,4,395,4,2962,0,0,0,0,0,1,2020,0
0,한식,2123.0,149,4,0,0,3,1,350,318,8,5,340,4,2962,1,0,0,0,0,0,2020,0
0,한식,2127.0,152,4,0,0,6,713,206,655,1,1,477,4,2962,1,0,0,0,0,0,2020,0
0,일식,2152.0,156,4,0,0,7,698,164,634,4,2,490,5,2962,0,0,0,0,0,1,2020,0
0,한식,2152.0,172,4,0,0,8,1,159,445,2,3,479,4,2962,0,0,0,0,0,0,2020,1
0,중식,2134.0,186,4,0,0,9,544,154,458,7,4,488,4,2962,0,0,1,0,0,0,2020,0
0,한식,2020.0,209,4,0,0,10,0,316,302,7,5,417,4,2962,0,1,0,0,0,0,2020,0
0,한식,2204.0,146,4,0,0,13,619,165,564,7,1,447,4,2962,1,0,0,0,0,0,2020,0
0,중식,2101.0,176,4,1,0,14,274,200,453,3,2,485,1,2962,0,0,0,0,0,1,2020,0
1,양식,2068.0,182,4,0,0,16,498,265,500,5,4,447,4,2962,0,0,0,0,0,0,2020,1
0,한식,2027.0,221,4,0,0,17,3,325,305,2,5,389,3,2962,0,0,0,0,0,0,2020,1
0,일식,2203.0,143,4,0,0,20,624,145,594,2,1,471,4,2962,0,0,0,0,0,0,2020,1
0,한식,2215.0,171,4,0,0,21,700,126,542,9,2,450,4,2962,0,0,0,0,0,1,2020,0
0,한식,2183.0,204,4,0,0,22,2,132,439,8,3,443,4,2962,0,0,0,0,0,1,2020,0
0,양식,2167.0,251,4,0,0,23,518,107,461,1,4,437,5,2962,0,0,0,0,0,0,2020,1
0,중식,2076.0,267,4,0,0,24,1,232,309,3,5,387,5,2962,0,0,1,0,0,0,2020,0
0,한식,2227.0,192,4,0,0,27,706,125,570,3,1,418,4,2962,0,1,0,0,0,0,2020,0
0,한식,2211.0,223,4,0,0,28,493,118,482,7,2,410,5,2962,0,1,0,0,0,0,2020,0
0,한식,2095.0,250,4,1,0,29,0,221,192,5,3,396,5,2962,0,1,0,0,0,0,2020,0
0,한식,1543.0,117,5,1,1,4,91,1113,123,5,1,189,4,2962,0,0,0,0,1,0,2020,0
1,한식,2390.0,177,5,0,0,6,2,104,495,5,3,291,4,2962,0,0,0,0,1,0,2020,0
0,한식,2365.0,236,5,0,0,7,577,76,462,3,4,285,4,2962,0,0,0,0,0,0,2020,1
0,중식,2298.0,265,5,0,0,8,0,153,371,2,5,246,4,2962,0,0,0,0,0,1,2020,0
0,일식,2428.0,195,5,0,0,11,659,94,599,5,1,245,4,2962,0,0,0,0,1,0,2020,0
0,한식,2415.0,230,5,0,0,12,690,67,486,3,2,250,4,2962,0,0,0,0,0,0,2020,0
0,중식,2416.0,242,5,0,0,13,0,68,403,3,3,236,5,2962,0,0,0,1,0,0,2020,0
0,중식,2398.0,281,5,0,0,14,488,71,424,7,4,212,2,2962,0,0,0,0,0,1,2020,0
0,한식,2304.0,296,5,0,0,15,0,161,265,3,5,201,4,2962,1,0,0,0,0,0,2020,0
0,중식,2397.0,223,5,0,0,18,701,96,573,5,1,246,4,2962,0,0,0,0,1,0,2020,0
0,한식,2412.0,235,5,0,0,19,617,78,440,3,2,237,5,2962,0,0,0,1,0,0,2020,0
0,한식,2390.0,243,5,0,0,20,0,71,336,2,3,258,4,2962,0,0,0,0,0,0,2020,1
0,중식,2412.0,269,5,0,0,21,474,63,445,3,4,218,2,2962,0,0,0,0,0,0,2020,1
0,일식,2253.0,277,5,0,0,22,0,226,291,3,5,206,4,2962,0,0,0,0,1,0,2020,0
0,한식,2429.0,206,5,0,0,25,732,98,488,2,1,229,3,2962,0,0,0,1,0,0,2020,0
0,중식,2472.0,220,5,0,0,26,649,70,502,3,2,200,4,2962,0,0,0,0,0,1,2020,0
0,한식,2428.0,234,5,0,0,27,2,65,339,7,3,235,4,2962,0,1,0,0,0,0,2020,0
0,한식,2414.0,270,5,0,0,28,431,66,361,3,4,212,3,2962,0,0,0,0,1,0,2020,0
0,한식,2240.0,284,5,0,0,29,1,236,235,5,5,202,4,2962,0,0,1,0,0,0,2020,0
0,한식,2447.0,185,6,0,0,1,612,109,463,8,1,215,4,2956,0,0,0,0,0,1,2020,0
0,일식,2448.0,231,6,0,0,2,605,64,434,3,2,213,2,2956,0,0,1,0,0,0,2020,0
0,중식,2451.0,251,6,0,0,3,0,63,374,6,3,191,3,2956,1,0,0,0,0,0,2020,0
0,한식,2393.0,284,6,0,0,4,403,71,353,1,4,208,4,2956,1,0,0,0,0,0,2020,0
0,한식,2256.0,291,6,0,0,5,0,233,251,5,5,176,5,2956,0,1,0,0,0,0,2020,0
0,한식,2398.0,236,6,0,0,8,566,121,477,2,1,201,4,2956,0,0,0,0,1,0,2020,0
0,중식,2458.0,253,6,0,0,9,519,68,449,1,2,177,4,2956,0,0,0,0,1,0,2020,0
0,한식,2432.0,248,6,0,0,10,4,75,320,7,3,201,4,2956,0,0,0,0,0,1,2020,0
0,중식,2422.0,280,6,0,0,11,399,82,439,2,4,172,2,2956,0,0,0,0,1,0,2020,0
0,한식,2274.0,303,6,0,0,12,2,204,266,4,5,175,4,2956,1,0,0,0,0,0,2020,0
0,중식,2521.0,252,7,0,0,1,9,71,343,5,3,153,4,2997,0,0,0,0,1,0,2020,0
0,일식,2495.0,268,7,0,0,2,446,82,441,4,4,152,2,2997,0,0,0,0,0,1,2020,0
0,한식,2291.0,288,7,0,0,3,1,261,269,3,5,157,5,2997,0,0,1,0,0,0,2020,0
0,한식,2479.0,220,7,0,0,6,626,126,454,3,1,172,4,2997,0,0,0,0,0,0,2020,1
0,일식,2526.0,242,7,0,0,7,575,77,472,2,2,152,4,2997,0,0,0,0,1,0,2020,0
0,양식,2511.0,251,7,0,0,8,7,77,369,1,3,158,5,2997,0,0,0,0,0,0,2020,1
0,일식,2449.0,290,7,0,0,9,449,99,401,3,4,159,2,2997,0,0,0,0,1,0,2020,0
0,한식,2339.0,290,7,0,0,10,0,233,246,3,5,135,4,2997,0,1,0,0,0,0,2020,0
0,한식,2506.0,225,7,0,0,13,632,118,489,3,1,148,3,2997,0,0,0,0,0,0,2020,1
0,일식,2550.0,224,7,0,0,14,561,80,342,5,2,143,4,2997,0,0,0,0,0,1,2020,0
0,한식,2486.0,248,7,0,0,15,4,80,343,7,3,183,4,2997,0,0,0,0,0,1,2020,0
0,한식,2455.0,274,7,0,0,16,411,102,379,9,4,166,4,2997,0,0,0,0,0,1,2020,0
0,한식,2309.0,291,7,0,0,17,2,249,237,5,5,148,4,2997,0,1,0,0,0,0,2020,0
0,중식,2480.0,220,7,0,0,20,518,157,481,2,1,140,5,2997,0,0,0,1,0,0,2020,0
0,일식,2508.0,222,7,0,0,21,519,138,467,2,2,129,4,2997,0,0,0,0,1,0,2020,0
0,일식,2433.0,250,7,0,0,22,9,165,414,3,3,149,2,2997,0,0,0,1,0,0,2020,0
0,한식,2433.0,274,7,0,0,23,377,156,380,3,4,134,4,2997,0,1,0,0,0,0,2020,0
0,한식,2257.0,281,7,0,0,24,0,344,237,2,5,115,1,2997,1,0,0,0,0,0,2020,0
0,한식,2424.0,182,7,0,0,27,728,271,552,3,1,120,4,2997,0,0,0,0,0,0,2020,1
0,중식,2382.0,213,7,0,0,28,565,252,396,3,2,150,1,2997,0,0,0,1,0,0,2020,0
0,한식,2358.0,233,7,0,0,29,11,256,280,2,3,150,1,2997,0,0,0,0,0,1,2020,0
0,양식,2279.0,242,7,0,0,30,395,346,426,3,4,130,4,2997,0,0,0,0,0,1,2020,0
0,중식,2115.0,261,7,0,0,31,0,496,231,2,5,125,5,2997,1,0,0,0,0,0,2020,0
0,한식,2225.0,155,8,0,0,3,446,494,440,5,1,115,5,2989,0,0,0,0,0,1,2020,0
0,일식,2238.0,172,8,0,0,4,463,464,446,1,2,115,4,2989,0,0,0,0,1,0,2020,0
0,중식,2202.0,182,8,0,0,5,7,490,337,2,3,115,4,2989,0,0,0,0,1,0,2020,0
0,한식,2180.0,218,8,0,0,6,364,482,373,3,4,109,4,2989,0,0,0,0,1,0,2020,0
0,한식,2003.0,239,8,0,0,7,1,605,261,4,5,142,5,2989,0,0,0,0,0,1,2020,0
0,일식,2227.0,191,8,0,0,10,548,476,520,3,1,95,2,2989,0,0,0,0,1,0,2020,0
0,한식,2243.0,188,8,0,0,11,465,456,342,5,2,102,4,2989,0,0,0,1,0,0,2020,0
0,한식,2216.0,213,8,0,0,12,12,449,337,8,3,111,4,2989,0,0,0,0,0,1,2020,0
0,한식,2128.0,245,8,0,0,13,353,504,270,2,4,112,3,2989,0,0,0,0,0,0,2020,1
0,중식,1973.0,256,8,1,1,14,1,644,212,3,5,116,5,2989,0,0,0,0,0,1,2020,0
1,일식,2220.0,195,8,0,1,18,534,469,501,3,2,105,4,2989,0,0,0,0,0,0,2020,1
0,일식,2216.0,227,8,0,0,19,10,420,375,3,3,126,2,2989,0,0,0,1,0,0,2020,0
0,일식,2242.0,232,8,0,0,20,477,390,433,5,4,125,5,2989,0,0,0,0,1,0,2020,0
0,한식,2094.0,249,8,0,0,21,0,497,240,2,5,149,4,2989,1,0,0,0,0,0,2020,0
0,한식,2253.0,185,8,0,0,24,683,302,608,6,1,249,4,2989,0,0,0,0,0,1,2020,0
0,한식,2295.0,190,8,0,0,25,757,219,632,8,2,285,4,2989,0,0,0,0,0,1,2020,0
0,일식,2214.0,197,8,0,0,26,2,215,495,7,3,363,2,2989,0,0,0,0,0,1,2020,0
0,한식,2257.0,211,8,0,0,27,575,205,522,9,4,316,5,2989,0,0,0,0,0,1,2020,0
0,일식,2142.0,230,8,0,0,28,0,320,354,1,5,297,4,2989,0,0,0,0,1,0,2020,0
0,한식,2179.0,163,8,0,0,31,648,183,649,8,1,464,4,2989,0,0,0,0,0,1,2020,0
0,한식,2421.0,111,9,0,0,1,630,73,497,2,2,527,3,3132,0,0,0,0,0,0,2020,1
0,한식,2377.0,155,9,0,0,2,0,78,390,5,3,522,4,3132,0,0,0,1,0,0,2020,0
0,일식,2307.0,195,9,0,0,3,531,119,445,2,4,511,2,3132,0,0,0,0,1,0,2020,0
0,한식,2241.0,221,9,0,0,4,3,208,341,2,5,462,4,3132,0,0,0,0,0,0,2020,1
0,한식,2408.0,163,9,0,0,7,774,122,603,5,1,439,4,3132,0,1,0,0,0,0,2020,0
0,한식,2427.0,173,9,0,0,8,730,91,478,8,2,441,4,3132,0,0,0,0,0,1,2020,0
0,한식,2426.0,180,9,0,0,9,3,102,374,4,3,424,5,3132,0,0,0,0,0,1,2020,0
0,일식,2376.0,220,9,0,0,10,600,106,514,2,4,430,2,3132,0,0,1,0,0,0,2020,0
0,한식,2286.0,259,9,0,0,11,2,211,287,2,5,376,3,3132,0,0,0,0,0,0,2020,1
0,한식,2474.0,188,9,0,0,14,725,102,547,2,1,368,4,3132,0,0,0,0,0,1,2020,0
0,한식,2422.0,209,9,0,0,15,676,79,421,5,2,422,4,3132,0,0,0,0,0,1,2020,0
0,한식,2470.0,229,9,0,0,16,0,72,362,8,3,361,3,3132,1,0,0,0,0,0,2020,0
0,일식,2435.0,245,9,0,0,17,588,84,504,1,4,368,4,3132,0,0,0,0,1,0,2020,0
0,일식,2300.0,281,9,0,0,18,1,241,256,2,5,310,4,3132,0,0,0,0,0,0,2020,1
0,한식,2463.0,210,9,0,0,21,742,105,616,2,1,354,3,3132,0,1,0,0,0,0,2020,0
0,한식,2467.0,224,9,0,0,22,600,99,384,8,2,342,4,3132,0,0,0,0,0,1,2020,0
0,한식,2465.0,234,9,0,0,23,1,88,412,4,3,345,1,3132,0,0,0,0,0,0,2020,1
0,한식,2454.0,262,9,0,0,24,505,102,392,3,4,314,5,3132,0,0,0,0,1,0,2020,0
0,한식,2343.0,287,9,1,0,25,1,237,230,2,5,265,4,3132,0,1,0,0,0,0,2020,0
0,한식,1817.0,188,9,1,1,28,81,985,165,5,1,142,4,3132,0,0,0,1,0,0,2020,0
1,한식,2494.0,131,10,0,0,5,825,91,595,3,1,292,4,3008,0,1,0,0,0,0,2020,0
0,한식,2482.0,183,10,0,0,6,804,64,545,7,2,279,4,3008,0,0,0,0,0,1,2020,0
0,한식,2430.0,232,10,0,0,7,6,54,547,3,3,292,3,3008,0,0,0,0,1,0,2020,0
0,한식,2446.0,225,10,1,1,8,734,88,345,2,4,249,3,3008,1,0,0,0,0,0,2020,0
1,한식,2467.0,215,10,0,1,12,555,105,466,4,1,221,4,3008,0,1,0,0,0,0,2020,0
0,한식,2500.0,248,10,0,0,13,534,72,420,5,2,188,4,3008,1,0,0,0,0,0,2020,0
0,일식,2502.0,267,10,0,0,14,3,68,382,1,3,171,5,3008,0,0,0,0,1,0,2020,0
0,한식,2467.0,269,10,0,0,15,898,97,400,3,4,175,4,3008,0,0,0,0,0,1,2020,0
0,중식,2378.0,270,10,0,0,16,4,180,436,2,5,180,5,3008,0,0,0,1,0,0,2020,0
0,일식,2519.0,211,10,0,0,19,588,143,457,2,1,135,3,3008,1,0,0,0,0,0,2020,0
0,한식,2539.0,241,10,0,0,20,518,84,372,3,2,144,4,3008,0,0,0,0,1,0,2020,0
0,한식,2502.0,239,10,0,0,21,6,107,336,8,3,160,4,3008,0,0,0,0,0,1,2020,0
0,한식,2459.0,271,10,0,0,22,791,116,423,2,4,162,4,3008,0,0,0,0,1,0,2020,0
0,한식,2367.0,283,10,0,0,23,2,223,389,3,5,135,4,3008,0,0,0,0,0,0,2020,1
0,한식,2480.0,228,10,0,0,26,570,156,444,7,1,144,4,3008,0,0,0,0,0,1,2020,0
0,일식,2502.0,265,10,0,0,27,496,105,392,3,2,136,2,3008,0,0,0,1,0,0,2020,0
0,한식,2478.0,287,10,0,0,28,3,105,293,3,3,138,4,3008,0,0,0,0,1,0,2020,0
0,일식,2442.0,298,10,0,0,29,418,131,388,8,4,137,2,3008,0,0,0,0,0,0,2020,1
0,한식,2263.0,298,10,0,0,30,1,340,259,3,5,107,4,3008,0,1,0,0,0,0,2020,0
0,한식,2514.0,213,11,0,0,2,616,162,498,6,1,132,4,3021,0,0,0,0,0,1,2020,0
0,일식,2544.0,270,11,0,0,3,530,100,356,1,2,107,2,3021,0,0,0,1,0,0,2020,0
0,한식,2503.0,283,11,0,0,4,1,112,334,5,3,123,4,3021,0,0,0,0,1,0,2020,0
0,중식,2485.0,306,11,0,0,5,464,114,422,2,4,116,5,3021,0,1,0,0,0,0,2020,0
0,한식,2331.0,305,11,0,0,6,1,266,276,3,5,119,5,3021,0,0,1,0,0,0,2020,0
0,일식,2505.0,241,11,0,0,9,691,144,430,2,1,131,3,3021,1,0,0,0,0,0,2020,0
0,중식,2504.0,289,11,0,0,10,526,104,335,3,2,124,4,3021,0,0,0,0,0,1,2020,0
0,한식,2498.0,303,11,0,0,11,1,105,316,5,3,115,4,3021,0,0,0,0,1,0,2020,0
0,한식,2483.0,308,11,0,0,12,464,125,319,8,4,105,5,3021,0,0,0,0,0,1,2020,0
0,한식,2296.0,292,11,0,0,13,0,317,226,3,5,116,4,3021,0,0,0,0,0,0,2020,1
0,한식,2512.0,217,11,0,0,16,733,164,478,3,1,128,4,3021,1,0,0,0,0,0,2020,0
0,한식,2516.0,274,11,0,0,17,691,112,406,7,2,119,3,3021,0,0,0,0,0,1,2020,0
0,한식,2523.0,282,11,0,0,18,0,93,305,2,3,123,3,3021,0,0,0,0,0,1,2020,0
0,한식,2490.0,277,11,0,0,19,541,144,486,3,4,110,3,3021,0,0,0,1,0,0,2020,0
0,일식,2239.0,292,11,0,0,20,0,343,220,2,5,147,4,3021,0,0,0,0,1,0,2020,0
0,한식,2354.0,208,11,0,0,23,899,198,730,3,1,261,3,3021,0,0,0,0,0,0,2020,1
0,양식,2281.0,181,11,0,0,24,878,202,704,7,2,357,4,3021,0,0,0,0,0,0,2020,1
0,일식,2181.0,219,11,0,0,26,641,230,606,1,4,391,2,3021,0,0,0,0,1,0,2020,0
0,일식,2079.0,235,11,0,0,27,2,406,303,7,5,301,2,3021,0,1,0,0,0,0,2020,0
0,한식,2275.0,148,11,0,0,30,798,253,712,3,1,345,5,3021,0,0,1,0,0,0,2020,0
0,중식,2217.0,161,12,0,0,1,878,204,685,2,2,408,5,2990,0,0,0,0,1,0,2020,0
0,한식,2212.0,157,12,0,0,2,5,223,523,7,3,398,4,2990,0,1,0,0,0,0,2020,0
0,한식,2168.0,219,12,0,0,3,667,242,466,2,4,361,4,2990,0,1,0,0,0,0,2020,0
0,한식,2038.0,233,12,0,0,4,3,427,197,6,5,292,4,2990,0,0,0,0,0,1,2020,0
0,일식,2255.0,185,12,0,0,7,941,211,742,5,1,339,4,2990,0,0,0,0,1,0,2020,0
0,중식,2259.0,182,12,0,0,8,852,172,679,1,2,377,4,2990,0,0,0,0,1,0,2020,0
0,한식,2181.0,191,12,0,0,9,2,199,384,2,3,419,4,2990,0,0,0,0,0,1,2020,0
0,양식,2212.0,229,12,0,0,10,683,212,518,3,4,337,4,2990,0,1,0,0,0,0,2020,0
0,한식,2072.0,228,12,0,0,11,0,398,334,1,5,292,4,2990,0,0,0,0,1,0,2020,0
0,한식,2291.0,142,12,0,0,14,892,221,666,8,1,336,5,2990,0,0,0,0,0,1,2020,0
0,중식,2208.0,179,12,0,0,15,814,203,633,3,2,400,4,2990,0,0,0,1,0,0,2020,0
0,한식,2249.0,187,12,0,0,16,1,195,450,4,3,359,3,2990,0,0,0,0,0,1,2020,0
0,한식,2246.0,184,12,0,0,17,653,226,438,8,4,334,4,2990,0,0,0,0,0,1,2020,0
0,한식,2084.0,196,12,0,0,18,1,403,274,2,5,307,3,2990,0,0,0,0,0,1,2020,0
0,일식,2250.0,153,12,0,0,21,526,248,327,4,1,339,4,2990,0,0,0,0,0,0,2020,1
0,한식,2219.0,171,12,0,0,22,362,270,319,7,2,330,1,2990,0,1,0,0,0,0,2020,0
0,일식,2071.0,193,12,0,0,23,5,402,354,3,3,324,4,2990,0,0,0,0,0,0,2020,1
0,일식,1780.0,160,12,1,1,24,24,777,131,2,4,273,4,2990,0,0,0,0,1,0,2020,0
1,한식,2460.0,91,1,0,1,4,490,92,598,8,1,340,4,2983,1,0,0,0,0,0,2021,0
0,일식,2338.0,156,1,0,0,5,500,99,484,3,2,390,2,2983,0,0,0,0,1,0,2021,0
0,중식,2309.0,156,1,0,0,6,11,85,377,2,3,433,5,2983,0,0,0,1,0,0,2021,0
0,한식,2282.0,182,1,0,0,7,413,98,342,5,4,421,4,2983,0,0,0,0,1,0,2021,0
0,한식,2137.0,218,1,0,0,8,0,255,250,7,5,373,4,2983,0,0,0,0,0,1,2021,0
0,한식,2351.0,158,1,0,0,11,517,105,451,8,1,369,4,2983,0,0,0,0,0,1,2021,0
0,한식,2328.0,168,1,0,0,12,433,83,317,3,2,404,4,2983,0,1,0,0,0,0,2021,0
0,일식,2335.0,175,1,0,0,13,8,80,360,1,3,393,4,2983,0,0,0,0,1,0,2021,0
0,한식,2318.0,205,1,0,0,14,428,90,439,8,4,370,5,2983,0,0,0,0,0,1,2021,0
0,한식,2193.0,222,1,0,0,15,0,229,277,5,5,339,4,2983,0,0,0,1,0,0,2021,0
0,한식,2396.0,163,1,0,0,18,509,67,460,6,1,357,4,2983,0,0,0,0,0,1,2021,0
0,중식,2373.0,176,1,0,0,19,508,62,414,8,2,372,5,2983,0,0,0,0,0,1,2021,0
0,중식,2319.0,198,1,0,0,20,4,75,421,3,3,391,2,2983,0,0,1,0,0,0,2021,0
0,한식,2309.0,231,1,0,0,21,462,92,353,2,4,351,3,2983,0,0,0,0,0,0,2021,1
0,중식,2177.0,248,1,0,0,22,1,255,217,1,5,303,4,2983,0,0,0,1,0,0,2021,0
0,일식,2396.0,153,1,0,0,25,616,107,502,6,1,327,4,2983,0,0,0,0,1,0,2021,0
0,일식,2369.0,183,1,0,0,26,551,69,480,1,2,362,2,2983,0,0,0,0,0,0,2021,1
