휴가자수,공휴일후,식사가능인원,요일넘버,출장자수,월,공휴일전,정원수,연차쓰기좋은날,야근수,종류,일,반찬1,요일,재택근무자수,국,중식계,메인메뉴범주_조림,메인메뉴범주_찜,메인메뉴범주_샐러드,메인메뉴범주_국물,메인메뉴범주_튀김,메인메뉴범주_볶음,메인메뉴범주_구이
50,0,2401.0,0,150,2,0,2601,0,238,한식,1,8,1,0,5,1039,0,0,0,0,0,1,0
50,0,2378.0,1,173,2,0,2601,0,319,한식,2,2,2,0,4,867,0,0,0,0,1,0,0
56,0,2365.0,2,180,2,0,2601,0,111,일식,3,5,3,0,4,1017,0,0,0,0,1,0,0
104,0,2277.0,3,220,2,0,2601,0,355,한식,4,6,4,0,3,978,0,0,0,0,0,1,0
278,0,2142.0,4,181,2,1,2601,1,34,한식,5,7,5,0,4,925,0,0,0,0,1,0,0
383,1,2075.0,3,143,2,0,2601,1,417,한식,11,9,4,0,4,1045,0,0,0,0,0,0,1
389,0,2056.0,4,156,2,0,2601,0,93,한식,12,7,5,0,5,909,0,0,0,0,0,1,0
87,0,2310.0,0,204,2,0,2601,0,482,한식,15,5,1,0,4,1268,1,0,0,0,0,0,0
72,0,2293.0,1,236,2,0,2601,0,526,중식,16,2,2,0,3,1014,0,0,0,1,0,0,0
78,0,2273.0,2,250,2,0,2601,0,23,한식,17,8,3,0,4,916,1,0,0,0,0,0,0
77,0,2270.0,3,254,2,0,2601,0,367,한식,18,3,4,0,4,910,0,0,0,0,0,0,1
145,0,2204.0,4,252,2,0,2601,0,69,한식,19,5,5,0,5,763,0,0,0,0,1,0,0
90,0,2304.0,0,207,2,0,2601,0,434,한식,22,2,1,0,3,1298,0,0,0,0,0,0,1
57,0,2307.0,1,237,2,0,2601,0,488,한식,23,7,2,0,4,899,0,0,0,0,0,1,0
54,0,2315.0,2,232,2,0,2601,0,14,한식,24,3,3,0,4,1022,0,0,0,0,0,1,0
56,0,2284.0,3,261,2,0,2601,0,335,한식,25,5,4,0,5,917,0,0,0,0,0,1,0
144,0,2179.0,4,278,2,0,2601,0,42,한식,26,2,5,0,4,766,0,0,0,0,0,1,0
595,0,1838.0,0,168,2,1,2601,1,110,한식,29,7,1,0,4,869,0,0,0,0,0,1,0
127,1,2315.0,2,182,3,0,2624,0,261,한식,2,6,3,0,3,1127,0,0,0,0,0,1,0
61,0,2339.0,3,224,3,0,2624,0,351,중식,3,7,4,0,4,1000,0,0,0,1,0,0,0
83,0,2294.0,4,247,3,0,2624,0,79,한식,4,2,5,0,4,837,0,0,0,0,1,0,0
50,0,2379.0,0,195,3,0,2624,0,456,한식,7,5,1,0,4,1326,0,0,0,0,0,1,0
47,0,2365.0,1,212,3,0,2624,0,426,한식,8,2,2,0,3,1026,0,1,0,0,0,0,0
43,0,2356.0,2,225,3,0,2624,0,0,한식,9,7,3,0,5,901,1,0,0,0,0,0,0
55,0,2324.0,3,245,3,0,2624,0,290,일식,10,5,4,0,4,847,1,0,0,0,0,0,0
108,0,2241.0,4,275,3,0,2624,0,76,일식,11,1,5,0,4,728,0,0,0,0,1,0,0
61,0,2380.0,0,183,3,0,2624,0,376,한식,14,7,1,0,5,1286,0,0,0,0,0,1,0
38,0,2355.0,1,231,3,0,2624,0,399,한식,15,8,2,0,4,958,0,0,0,0,0,1,0
50,0,2361.0,2,213,3,0,2624,0,0,한식,16,4,3,0,4,998,0,0,0,0,0,0,1
52,0,2330.0,3,242,3,0,2624,0,327,중식,17,2,4,0,3,832,0,0,0,1,0,0,0
118,0,2229.0,4,277,3,0,2624,0,57,한식,18,9,5,0,4,757,0,0,0,0,0,0,1
65,0,2354.0,0,205,3,0,2624,0,329,한식,21,8,1,0,5,1030,0,0,0,0,0,1,0
41,0,2375.0,1,208,3,0,2624,0,378,한식,22,2,2,0,3,917,0,0,0,0,1,0,0
42,0,2346.0,2,236,3,0,2624,0,0,한식,23,5,3,0,4,963,0,0,0,0,1,0,0
53,0,2320.0,3,251,3,0,2624,0,293,한식,24,8,4,0,5,876,1,0,0,0,0,0,0
98,0,2251.0,4,275,3,0,2624,0,59,한식,25,2,5,0,3,861,0,0,0,0,0,0,1
77,0,2350.0,0,197,3,0,2624,0,299,한식,28,5,1,0,4,1193,0,0,0,0,0,1,0
52,0,2327.0,1,245,3,0,2624,0,259,한식,29,6,2,0,4,892,0,0,0,0,0,1,0
48,0,2346.0,2,230,3,0,2624,0,0,한식,30,2,3,0,4,1033,0,0,0,0,1,0,0
36,0,2340.0,3,248,3,0,2624,0,158,한식,31,7,4,0,4,781,0,0,0,0,0,1,0
103,0,2286.0,4,254,4,0,2643,0,47,한식,1,2,5,0,4,661,1,0,0,0,0,0,0
62,0,2360.0,0,221,4,0,2643,0,367,한식,4,8,1,0,4,1237,0,0,0,0,0,1,0
31,0,2370.0,1,242,4,0,2643,0,370,한식,5,2,2,0,5,840,0,0,0,0,0,1,0
37,0,2357.0,2,249,4,0,2643,0,0,한식,6,7,3,0,4,876,0,0,0,0,0,1,0
47,0,2338.0,3,258,4,0,2643,0,339,한식,7,7,4,0,5,853,0,1,0,0,0,0,0
87,0,2273.0,4,283,4,0,2643,0,64,한식,8,5,5,0,4,764,0,0,0,0,1,0,0
82,0,2358.0,0,203,4,0,2643,0,392,한식,11,9,1,0,4,1225,0,0,0,0,0,0,1
76,0,2342.0,1,225,4,0,2643,0,239,한식,12,8,2,0,4,771,1,0,0,0,0,0,0
106,0,2285.0,3,252,4,0,2643,0,326,한식,14,7,4,0,4,969,0,0,0,0,0,1,0
131,0,2231.0,4,281,4,0,2643,0,82,일식,15,5,5,0,4,579,1,0,0,0,0,0,0
81,0,2337.0,0,225,4,0,2643,0,330,한식,18,7,1,0,4,1120,0,0,0,0,1,0,0
44,0,2360.0,1,239,4,0,2643,0,387,한식,19,2,2,0,3,980,0,0,0,0,0,0,1
47,0,2334.0,2,262,4,0,2643,0,0,한식,20,4,3,0,4,849,1,0,0,0,0,0,0
66,0,2313.0,3,264,4,0,2643,0,312,한식,21,8,4,0,5,940,0,0,0,0,0,1,0
150,0,2218.0,4,275,4,0,2643,0,86,한식,22,7,5,0,5,698,0,1,0,0,0,0,0
96,0,2346.0,0,201,4,0,2643,0,281,한식,25,8,1,0,4,1227,0,0,0,0,0,1,0
51,0,2365.0,1,227,4,0,2643,0,304,한식,26,6,2,0,3,795,0,0,0,0,0,1,0
71,0,2338.0,2,234,4,0,2643,0,0,한식,27,4,3,0,4,1028,0,1,0,0,0,0,0
56,0,2318.0,3,269,4,0,2643,0,196,한식,28,5,4,0,4,811,0,0,0,0,1,0,0
139,0,2222.0,4,282,4,0,2643,0,28,한식,29,1,5,0,4,652,1,0,0,0,0,0,0
80,0,2341.0,0,214,5,0,2635,0,302,한식,2,5,1,0,4,1242,0,0,0,0,0,1,0
65,0,2319.0,1,251,5,0,2635,0,292,한식,3,3,2,0,4,964,1,0,0,0,0,0,0
150,0,2241.0,2,244,5,1,2635,1,0,한식,4,2,3,0,3,723,0,0,0,0,0,1,0
101,1,2301.0,0,233,5,0,2635,1,344,한식,9,9,1,0,5,1216,0,0,0,0,0,0,1
53,0,2330.0,1,252,5,0,2635,0,350,한식,10,8,2,0,4,1008,0,0,0,0,0,1,0
60,0,2309.0,2,266,5,0,2635,0,0,한식,11,7,3,0,4,915,0,0,0,0,1,0,0
71,0,2290.0,3,274,5,0,2635,0,315,한식,12,5,4,0,5,753,0,1,0,0,0,0,0
185,0,2182.0,4,268,5,0,2635,0,80,한식,13,7,5,0,4,761,0,1,0,0,0,0,0
99,0,2320.0,0,216,5,0,2635,0,368,한식,16,7,1,0,4,1180,0,0,0,0,0,1,0
41,0,2340.0,1,254,5,0,2635,0,377,한식,17,2,2,0,4,899,0,1,0,0,0,0,0
71,0,2307.0,2,257,5,0,2635,0,0,한식,18,5,3,0,4,856,0,0,0,0,1,0,0
65,0,2304.0,3,266,5,0,2635,0,264,한식,19,4,4,0,4,898,0,0,0,0,0,0,1
169,0,2179.0,4,287,5,0,2635,0,56,한식,20,5,5,0,4,653,0,0,0,0,0,0,1
88,0,2344.0,0,203,5,0,2635,0,362,한식,23,8,1,0,5,1160,0,0,0,0,0,1,0
74,0,2327.0,1,234,5,0,2635,0,310,한식,24,3,2,0,6,1107,0,0,0,0,0,0,1
72,0,2305.0,2,258,5,0,2635,0,0,중식,25,2,3,0,4,938,0,0,0,1,0,0,0
64,0,2286.0,3,285,5,0,2635,0,227,한식,26,2,4,0,3,783,0,0,0,0,0,0,1
163,0,2181.0,4,291,5,0,2635,0,61,한식,27,5,5,0,4,660,1,0,0,0,0,0,0
73,0,2347.0,0,215,5,0,2635,0,291,중식,30,7,1,0,4,1231,0,0,0,1,0,0,0
50,0,2335.0,1,250,5,0,2635,0,185,한식,31,5,2,0,4,921,0,0,0,0,0,1,0
75,0,2317.0,2,245,6,0,2637,0,0,한식,1,2,3,0,4,916,0,0,0,0,1,0,0
81,0,2298.0,3,258,6,0,2637,0,301,한식,2,3,4,0,4,850,1,0,0,0,0,0,0
191,0,2178.0,4,268,6,1,2637,1,64,한식,3,5,5,0,3,721,0,1,0,0,0,0,0
115,1,2330.0,1,192,6,0,2637,1,389,한식,7,7,2,0,5,1244,0,0,0,0,0,1,0
58,0,2339.0,2,240,6,0,2637,0,0,중식,8,5,3,0,4,931,0,0,0,0,1,0,0
69,0,2316.0,3,252,6,0,2637,0,359,한식,9,7,4,0,4,829,0,1,0,0,0,0,0
151,0,2216.0,4,270,6,0,2637,0,61,한식,10,2,5,0,4,697,0,0,0,0,0,1,0
98,0,2330.0,0,209,6,0,2637,0,415,한식,13,7,1,0,5,1243,0,0,0,0,0,1,0
56,0,2340.0,1,241,6,0,2637,0,432,한식,14,5,2,0,4,973,1,0,0,0,0,0,0
60,0,2317.0,2,260,6,0,2637,0,0,일식,15,4,3,0,4,984,1,0,0,0,0,0,0
73,0,2301.0,3,263,6,0,2637,0,336,한식,16,2,4,0,4,800,0,1,0,0,0,0,0
165,0,2181.0,4,291,6,0,2637,0,60,한식,17,7,5,0,5,694,0,0,0,0,1,0,0
101,0,2279.0,0,257,6,0,2637,0,344,중식,20,7,1,0,5,1146,0,0,0,1,0,0,0
49,0,2340.0,1,248,6,0,2637,0,349,한식,21,5,2,0,5,1091,0,0,0,0,1,0,0
47,0,2332.0,2,258,6,0,2637,0,0,한식,22,7,3,0,4,1022,0,1,0,0,0,0,0
53,0,2313.0,3,271,6,0,2637,0,346,한식,23,6,4,0,3,877,0,0,0,0,0,1,0
169,0,2184.0,4,284,6,0,2637,0,52,일식,24,7,5,0,4,805,1,0,0,0,0,0,0
96,0,2314.0,0,227,6,0,2637,0,300,한식,27,9,1,0,4,1142,0,0,0,0,0,0,1
63,0,2321.0,1,253,6,0,2637,0,226,한식,28,2,2,0,3,917,0,0,0,0,0,0,1
67,0,2322.0,2,248,6,0,2637,0,0,한식,29,7,3,0,4,820,0,1,0,0,0,0,0
76,0,2314.0,3,247,6,0,2637,0,151,한식,30,5,4,0,4,886,0,0,0,0,0,0,1
145,0,2283.0,4,215,7,0,2643,0,41,한식,1,7,5,0,4,879,0,0,0,0,0,1,0
88,0,2365.0,0,190,7,0,2643,0,385,한식,4,8,1,0,4,1292,0,0,0,0,0,1,0
55,0,2362.0,1,226,7,0,2643,0,376,한식,5,2,2,0,3,952,0,1,0,0,0,0,0
56,0,2363.0,2,224,7,0,2643,0,0,한식,6,5,3,0,4,939,0,0,0,0,1,0,0
64,0,2341.0,3,238,7,0,2643,0,340,한식,7,2,4,0,4,857,1,0,0,0,0,0,0
155,0,2228.0,4,260,7,0,2643,0,60,일식,8,1,5,0,4,863,0,0,0,0,1,0,0
121,0,2312.0,0,210,7,0,2643,0,366,한식,11,7,1,0,4,1115,0,0,0,0,0,1,0
72,0,2348.0,1,223,7,0,2643,0,382,한식,12,5,2,0,5,919,0,0,0,0,1,0,0
79,0,2323.0,2,241,7,0,2643,0,0,중식,13,7,3,0,4,866,0,0,0,1,0,0,0
84,0,2307.0,3,252,7,0,2643,0,308,한식,14,6,4,0,4,781,0,0,0,0,0,1,0
189,0,2193.0,4,261,7,0,2643,0,55,한식,15,7,5,0,5,867,0,1,0,0,0,0,0
126,0,2309.0,0,208,7,0,2643,0,343,한식,18,4,1,0,4,1158,0,0,0,0,1,0,0
111,0,2299.0,1,233,7,0,2643,0,263,일식,19,7,2,0,4,888,1,0,0,0,0,0,0
124,0,2281.0,2,238,7,0,2643,0,0,한식,20,1,3,0,3,844,1,0,0,0,0,0,0
115,0,2273.0,3,255,7,0,2643,0,263,한식,21,8,4,0,4,733,0,0,0,0,0,1,0
251,0,2120.0,4,272,7,0,2643,0,47,일식,22,3,5,0,4,661,0,0,0,0,0,0,1
277,0,2186.0,0,180,7,0,2643,0,247,한식,25,5,1,0,3,1086,0,0,0,0,0,1,0
260,0,2198.0,1,185,7,0,2643,0,269,한식,26,4,2,0,4,927,0,0,0,0,0,0,1
299,0,2152.0,2,192,7,0,2643,0,0,중식,27,7,3,0,4,872,0,1,0,0,0,0,0
340,0,2099.0,3,204,7,0,2643,0,197,한식,28,9,4,0,5,816,0,0,1,0,0,0,0
486,0,1950.0,4,207,7,0,2643,0,36,중식,29,2,5,0,4,671,0,0,0,0,0,0,1
512,0,2023.0,0,109,8,0,2644,0,238,한식,1,2,1,0,4,1055,0,0,0,0,0,0,1
460,0,2017.0,1,167,8,0,2644,0,268,한식,2,3,2,0,4,829,0,0,0,0,0,1,0
485,0,1976.0,2,183,8,0,2644,0,0,중식,3,7,3,0,4,802,0,0,0,1,0,0,0
467,0,1977.0,3,200,8,0,2644,0,262,일식,4,5,4,0,4,671,1,0,0,0,0,0,0
538,0,1894.0,4,212,8,0,2644,0,46,한식,5,7,5,0,4,641,0,1,0,0,0,0,0
421,0,2043.0,0,180,8,0,2644,0,255,한식,8,7,1,0,4,1038,0,0,0,0,0,1,0
392,0,2070.0,1,182,8,0,2644,0,286,양식,9,1,2,0,4,874,1,0,0,0,0,0,0
411,0,2045.0,2,188,8,0,2644,0,0,한식,10,6,3,0,4,842,0,0,0,0,1,0,0
413,0,2029.0,3,202,8,0,2644,0,295,한식,11,7,4,0,4,845,0,0,0,0,0,0,1
587,0,1842.0,4,215,8,1,2644,1,60,일식,12,2,5,0,4,708,0,0,0,0,1,0,0
352,1,2115.0,1,177,8,0,2644,1,351,한식,16,2,2,0,3,1023,1,0,0,0,0,0,0
311,0,2142.0,2,191,8,0,2644,0,0,한식,17,2,3,0,5,924,0,0,0,0,0,1,0
274,0,2155.0,3,215,8,0,2644,0,364,일식,18,3,4,0,4,943,0,0,0,0,1,0,0
345,0,2062.0,4,237,8,0,2644,0,59,한식,19,8,5,0,4,754,0,0,0,0,0,1,0
115,0,2370.0,0,159,8,0,2644,0,458,중식,22,3,1,0,5,1266,0,0,0,0,0,1,0
86,0,2347.0,1,211,8,0,2644,0,386,중식,23,7,2,0,4,1145,0,0,0,1,0,0,0
113,0,2322.0,2,209,8,0,2644,0,0,한식,24,5,3,0,4,941,0,0,0,0,0,1,0
123,0,2280.0,3,241,8,0,2644,0,308,한식,25,3,4,0,3,885,1,0,0,0,0,0,0
194,0,2181.0,4,269,8,0,2644,0,70,한식,26,5,5,0,4,813,0,0,0,0,1,0,0
132,0,2310.0,0,202,8,0,2644,0,352,한식,29,8,1,0,4,1258,0,0,0,0,0,1,0
96,0,2306.0,1,242,8,0,2644,0,268,한식,30,2,2,0,4,901,0,0,0,0,0,0,1
98,0,2310.0,2,236,8,0,2644,0,0,한식,31,3,3,0,4,915,0,0,0,0,0,0,1
99,0,2420.0,3,250,9,0,2769,0,336,일식,1,7,4,0,5,953,1,0,0,0,0,0,0
177,0,2313.0,4,279,9,0,2769,0,76,한식,2,5,5,0,4,832,0,1,0,0,0,0,0
100,0,2444.0,0,225,9,0,2769,0,447,한식,5,2,1,0,3,1164,0,0,0,0,0,1,0
59,0,2457.0,1,253,9,0,2769,0,477,한식,6,2,2,0,4,784,0,0,0,0,1,0,0
65,0,2463.0,2,241,9,0,2769,0,0,한식,7,4,3,0,4,926,0,0,0,0,1,0,0
69,0,2445.0,3,255,9,0,2769,0,438,한식,8,9,4,0,4,758,0,0,0,0,0,1,0
137,0,2344.0,4,288,9,0,2769,0,86,중식,9,5,5,0,5,682,0,0,0,0,1,0,0
328,0,2265.0,0,176,9,0,2769,1,306,한식,12,5,1,0,4,924,0,0,0,0,0,1,0
511,0,2150.0,1,108,9,1,2769,1,52,한식,13,7,2,0,4,820,0,1,0,0,0,0,0
167,1,2422.0,0,180,9,0,2769,1,550,한식,19,9,1,0,5,1271,0,0,0,0,0,1,0
69,0,2473.0,1,227,9,0,2769,0,588,중식,20,7,2,0,4,1039,0,0,0,1,0,0,0
58,0,2465.0,2,246,9,0,2769,0,0,한식,21,3,3,0,4,1068,0,0,0,0,0,0,1
137,0,2379.0,3,253,9,0,2769,0,403,한식,22,3,4,0,3,891,0,1,0,0,0,0,0
165,0,2326.0,4,278,9,0,2769,0,99,한식,23,8,5,0,5,716,0,0,0,0,0,1,0
70,0,2475.0,0,224,9,0,2769,0,494,한식,26,7,1,0,4,1185,0,0,0,0,0,1,0
56,0,2480.0,1,233,9,0,2769,0,380,한식,27,5,2,0,4,1033,0,0,0,0,1,0,0
50,0,2494.0,2,225,9,0,2769,0,0,일식,28,3,3,0,4,1128,0,0,1,0,0,0,0
153,0,2389.0,3,227,9,0,2769,0,331,한식,29,7,4,0,4,1044,1,0,0,0,0,0,0
158,0,2355.0,4,256,9,0,2769,0,59,한식,30,2,5,0,4,843,0,0,0,0,0,0,1
59,0,2372.0,1,239,10,0,2670,0,1035,한식,4,8,2,0,4,1262,0,0,0,0,0,1,0
41,0,2401.0,2,228,10,0,2670,0,0,한식,5,6,3,0,3,1336,0,0,0,0,0,1,0
56,0,2369.0,3,245,10,0,2670,0,378,한식,6,8,4,0,4,1196,0,1,0,0,0,0,0
144,0,2274.0,4,252,10,0,2670,0,80,중식,7,7,5,0,5,843,0,0,0,1,0,0,0
104,0,2350.0,0,216,10,0,2670,0,443,한식,10,2,1,0,3,1180,0,0,0,0,0,1,0
69,0,2345.0,1,256,10,0,2670,0,386,한식,11,7,2,0,4,1014,0,0,0,0,0,0,1
64,0,2355.0,2,251,10,0,2670,0,0,한식,12,2,3,0,4,951,0,0,0,0,1,0,0
66,0,2342.0,3,262,10,0,2670,0,612,한식,13,5,4,0,4,1051,0,0,0,0,1,0,0
144,0,2261.0,4,265,10,0,2670,0,172,한식,14,7,5,0,5,898,0,1,0,0,0,0,0
107,0,2322.0,0,241,10,0,2670,0,425,한식,17,8,1,0,4,1196,0,0,0,0,0,1,0
53,0,2355.0,1,262,10,0,2670,0,394,한식,18,1,2,0,5,994,1,0,0,0,0,0,0
72,0,2331.0,2,267,10,0,2670,0,0,중식,19,5,3,0,4,933,0,0,0,0,1,0,0
105,0,2296.0,3,269,10,0,2670,0,281,한식,20,2,4,0,5,787,0,1,0,0,0,0,0
228,0,2162.0,4,280,10,0,2670,0,62,중식,21,7,5,0,4,760,0,0,0,1,0,0,0
120,0,2327.0,0,223,10,0,2670,0,367,한식,24,7,1,0,4,1171,0,0,0,0,0,1,0
73,0,2338.0,1,259,10,0,2670,0,345,한식,25,2,2,0,3,1028,0,0,0,0,0,0,1
89,0,2323.0,2,258,10,0,2670,0,0,일식,26,5,3,0,4,854,0,0,0,0,1,0,0
94,0,2304.0,3,272,10,0,2670,0,240,한식,27,7,4,0,5,807,1,0,0,0,0,0,0
192,0,2201.0,4,277,10,0,2670,0,63,한식,28,2,5,0,4,731,1,0,0,0,0,0,0
134,0,2313.0,0,223,10,0,2670,0,255,한식,31,8,1,0,4,1224,0,0,0,0,0,1,0
70,0,2407.0,1,212,11,0,2689,0,515,한식,1,5,2,0,5,1087,0,0,0,0,0,1,0
73,0,2385.0,2,231,11,0,2689,0,0,한식,2,9,3,0,4,1006,0,0,0,0,0,0,1
72,0,2334.0,3,283,11,0,2689,0,408,한식,3,6,4,0,3,864,0,0,0,0,0,1,0
168,0,2245.0,4,276,11,0,2689,0,81,한식,4,3,5,0,3,803,1,0,0,0,0,0,0
133,0,2334.0,0,222,11,0,2689,0,539,한식,7,7,1,0,5,1156,0,0,0,0,0,1,0
60,0,2379.0,1,250,11,0,2689,0,503,한식,8,5,2,0,3,986,0,0,0,0,1,0,0
58,0,2364.0,2,267,11,0,2689,0,0,중식,9,3,3,0,5,920,0,0,0,0,0,1,0
73,0,2349.0,3,267,11,0,2689,0,385,한식,10,8,4,0,4,795,1,0,0,0,0,0,0
173,0,2230.0,4,286,11,0,2689,0,69,중식,11,7,5,0,4,652,0,0,0,1,0,0,0
92,0,2370.0,0,227,11,0,2689,0,461,한식,14,8,1,0,5,1260,0,0,0,0,0,1,0
66,0,2350.0,1,273,11,0,2689,0,418,일식,15,5,2,0,4,914,1,0,0,0,0,0,0
60,0,2379.0,2,250,11,0,2689,0,0,중식,16,6,3,0,4,888,1,0,0,0,0,0,0
134,0,2292.0,3,263,11,0,2689,0,411,한식,17,2,4,0,3,882,0,0,0,0,0,0,1
219,0,2183.0,4,287,11,0,2689,0,57,중식,18,5,5,0,4,730,0,0,0,0,1,0,0
94,0,2393.0,0,202,11,0,2689,0,522,중식,21,7,1,0,4,1235,0,0,0,1,0,0,0
45,0,2406.0,1,238,11,0,2689,0,452,한식,22,8,2,0,5,1046,0,0,0,0,0,1,0
52,0,2386.0,2,251,11,0,2689,0,0,한식,23,5,3,0,4,891,0,0,0,0,1,0,0
61,0,2366.0,3,262,11,0,2689,0,351,한식,24,8,4,0,4,870,0,0,0,0,0,1,0
200,0,2210.0,4,279,11,0,2689,0,68,일식,25,3,5,0,4,720,0,0,0,0,0,0,1
114,0,2356.0,0,219,11,0,2689,0,397,한식,28,2,1,0,3,1246,0,0,0,0,0,1,0
84,0,2387.0,1,218,11,0,2689,0,388,한식,29,7,2,0,4,900,0,0,0,0,0,1,0
68,0,2414.0,2,207,11,0,2689,0,0,한식,30,5,3,0,4,1109,0,0,0,0,1,0,0
84,0,2378.0,3,243,12,0,2705,0,688,한식,1,3,4,0,4,956,1,0,0,0,0,0,0
183,0,2250.0,4,272,12,0,2705,0,152,한식,2,5,5,0,4,766,0,1,0,0,0,0,0
101,0,2397.0,0,207,12,0,2705,0,839,한식,5,9,1,0,4,1110,0,0,0,0,0,0,1
69,0,2414.0,1,222,12,0,2705,0,799,한식,6,7,2,0,5,930,0,0,0,0,0,0,1
69,0,2404.0,2,232,12,0,2705,0,0,중식,7,2,3,0,4,895,0,0,0,1,0,0,0
76,0,2367.0,3,262,12,0,2705,0,587,한식,8,7,4,0,4,787,0,1,0,0,0,0,0
196,0,2225.0,4,284,12,0,2705,0,152,한식,9,2,5,0,3,621,1,0,0,0,0,0,0
102,0,2410.0,0,193,12,0,2705,0,633,한식,12,7,1,0,4,1069,0,0,0,0,0,1,0
65,0,2414.0,1,226,12,0,2705,0,511,한식,13,2,2,0,4,770,0,0,0,0,1,0,0
82,0,2376.0,2,247,12,0,2705,0,0,일식,14,3,3,0,4,904,0,0,0,0,1,0,0
98,0,2373.0,3,234,12,0,2705,0,229,한식,15,9,4,0,4,850,0,0,0,0,0,1,0
167,0,2276.0,4,262,12,0,2705,0,37,한식,16,2,5,0,3,699,0,0,0,0,0,0,1
104,0,2384.0,0,217,12,0,2705,0,197,한식,19,8,1,0,4,1215,0,0,0,0,0,1,0
89,0,2378.0,1,238,12,0,2705,0,126,중식,20,3,2,0,4,790,0,0,0,0,0,1,0
72,0,2403.0,2,230,12,0,2705,0,0,한식,21,5,3,0,4,929,0,0,0,0,1,0,0
118,0,2345.0,3,242,12,0,2705,0,32,한식,22,8,4,0,5,524,0,0,0,0,0,1,0
343,0,2119.0,4,243,12,0,2705,0,7,한식,23,4,5,0,4,560,1,0,0,0,0,0,0
206,0,2305.0,0,194,12,0,2705,0,63,한식,26,8,1,0,5,1192,0,0,0,0,0,1,0
127,0,2342.0,1,236,12,0,2705,0,51,한식,27,5,2,0,4,823,0,0,0,0,0,1,0
166,0,2314.0,2,225,12,0,2705,0,0,한식,28,1,3,0,4,767,1,0,0,0,0,0,0
242,0,2262.0,3,201,12,1,2705,0,42,한식,29,2,4,0,4,711,0,0,0,0,0,1,0
529,0,2049.0,4,127,12,0,2705,0,3,일식,30,1,5,0,4,658,0,0,0,0,1,0,0
96,0,2499.0,0,102,1,0,2697,0,272,한식,2,6,1,0,4,1273,0,0,0,0,0,1,0
61,0,2478.0,1,158,1,0,2697,0,259,한식,3,3,2,0,5,1041,0,1,0,0,0,0,0
67,0,2460.0,2,170,1,0,2697,0,0,한식,4,3,3,0,5,949,0,0,0,0,0,0,1
79,0,2411.0,3,207,1,0,2697,0,316,한식,5,2,4,0,3,1000,0,0,0,0,0,0,1
189,0,2284.0,4,224,1,0,2697,0,74,중식,6,7,5,0,4,830,0,0,0,1,0,0,0
121,0,2410.0,0,166,1,0,2697,0,445,중식,9,7,1,0,4,1322,0,1,0,0,0,0,0
70,0,2428.0,1,199,1,0,2697,0,412,한식,10,4,2,0,3,1186,0,0,0,0,0,1,0
57,0,2417.0,2,223,1,0,2697,0,0,일식,11,2,3,0,4,1039,0,0,0,0,1,0,0
85,0,2374.0,3,238,1,0,2697,0,305,한식,12,5,4,0,5,976,0,1,0,0,0,0,0
191,0,2259.0,4,247,1,0,2697,0,62,양식,13,1,5,0,5,791,1,0,0,0,0,0,0
123,0,2378.0,0,196,1,0,2697,0,432,한식,16,2,1,0,4,1273,0,0,0,0,0,1,0
75,0,2407.0,1,215,1,0,2697,0,380,한식,17,8,2,0,4,1035,0,0,0,0,0,1,0
59,0,2398.0,2,240,1,0,2697,0,0,한식,18,9,3,0,4,863,0,0,0,0,0,0,1
93,0,2368.0,3,236,1,0,2697,0,334,한식,19,7,4,0,4,866,0,0,0,0,0,1,0
207,0,2223.0,4,267,1,0,2697,0,61,한식,20,2,5,0,3,709,0,0,0,0,1,0,0
108,0,2387.0,0,202,1,0,2697,0,396,한식,23,5,1,0,4,1152,0,0,0,0,0,1,0
63,0,2416.0,1,218,1,0,2697,0,273,한식,24,8,2,0,5,974,0,0,0,0,0,1,0
79,0,2415.0,2,203,1,0,2697,0,0,중식,25,5,3,0,4,720,0,0,0,0,1,0,0
369,0,2211.0,3,117,1,1,2697,1,28,한식,26,8,4,0,4,844,0,1,0,0,0,0,0
177,1,2462.0,1,58,1,0,2697,1,278,한식,31,8,2,0,4,1240,0,0,0,0,0,1,0
61,0,2392.0,2,179,2,0,2632,0,0,한식,1,8,3,0,4,1260,0,0,0,0,0,1,0
45,0,2370.0,3,217,2,0,2632,0,427,한식,2,1,4,0,4,1005,0,0,0,0,0,0,1
104,0,2275.0,4,253,2,0,2632,0,92,한식,3,6,5,0,4,854,0,0,0,0,0,1,0
49,0,2381.0,0,202,2,0,2632,0,610,한식,6,5,1,0,4,1319,0,0,0,0,0,1,0
40,0,2385.0,1,207,2,0,2632,0,565,중식,7,6,2,0,5,1114,1,0,0,0,0,0,0
52,0,2374.0,2,206,2,0,2632,0,0,한식,8,5,3,0,4,1068,0,0,0,0,0,0,1
65,0,2340.0,3,227,2,0,2632,0,377,일식,9,1,4,0,4,953,0,0,0,0,1,0,0
149,0,2199.0,4,284,2,0,2632,0,59,한식,10,2,5,0,3,797,0,0,0,0,0,0,1
61,0,2375.0,0,196,2,0,2632,0,505,한식,13,7,1,0,3,1364,0,0,0,0,0,1,0
53,0,2356.0,1,223,2,0,2632,0,444,한식,14,6,2,0,4,997,0,0,0,0,0,1,0
51,0,2348.0,2,233,2,0,2632,0,0,한식,15,5,3,0,4,1045,0,0,0,0,1,0,0
56,0,2336.0,3,240,2,0,2632,0,419,한식,16,8,4,0,5,968,0,0,0,0,0,1,0
144,0,2219.0,4,269,2,0,2632,0,73,한식,17,7,5,0,5,753,0,1,0,0,0,0,0
104,0,2329.0,0,199,2,0,2632,0,494,중식,20,7,1,0,4,1216,0,1,0,0,0,0,0
63,0,2343.0,1,226,2,0,2632,0,445,한식,21,6,2,0,4,1004,0,0,0,0,0,1,0
75,0,2305.0,2,252,2,0,2632,0,0,일식,22,2,3,0,4,1065,0,0,0,0,1,0,0
75,0,2285.0,3,272,2,0,2632,0,307,한식,23,7,4,0,4,917,0,1,0,0,0,0,0
174,0,2167.0,4,291,2,0,2632,0,63,중식,24,5,5,0,4,698,0,0,0,0,1,0,0
134,0,2317.0,0,181,2,0,2632,0,368,한식,27,9,1,0,4,1141,0,0,0,0,0,0,1
156,0,2273.0,1,203,2,1,2632,0,179,한식,28,8,2,0,4,956,0,0,0,0,0,1,0
190,1,2222.0,3,215,3,0,2627,0,428,한식,2,5,4,0,4,1057,0,0,0,0,1,0,0
174,0,2197.0,4,256,3,0,2627,0,70,일식,3,4,5,0,4,926,0,0,0,0,0,0,1
63,0,2363.0,0,201,3,0,2627,0,490,한식,6,5,1,0,5,1311,0,0,0,0,0,1,0
41,0,2372.0,1,214,3,0,2627,0,455,한식,7,7,2,0,4,994,0,0,0,0,1,0,0
46,0,2348.0,2,233,3,0,2627,0,0,한식,8,2,3,0,4,879,0,0,0,0,0,1,0
55,0,2318.0,3,254,3,0,2627,0,346,한식,9,5,4,0,4,954,0,0,0,0,1,0,0
145,0,2191.0,4,291,3,0,2627,0,63,한식,10,2,5,0,4,664,0,0,0,0,0,1,0
82,0,2334.0,0,211,3,0,2627,0,449,한식,13,8,1,0,5,1295,0,0,0,0,0,1,0
46,0,2351.0,1,230,3,0,2627,0,437,한식,14,1,2,0,5,972,1,0,0,0,0,0,0
40,0,2353.0,2,234,3,0,2627,0,0,한식,15,5,3,0,4,961,0,1,0,0,0,0,0
47,0,2321.0,3,259,3,0,2627,0,357,한식,16,7,4,0,4,951,0,0,0,0,0,1,0
129,0,2199.0,4,299,3,0,2627,0,59,한식,17,5,5,0,4,625,0,0,0,0,1,0,0
86,0,2334.0,0,207,3,0,2627,0,390,한식,20,8,1,0,4,1328,0,0,0,0,0,1,0
55,0,2350.0,1,222,3,0,2627,0,454,한식,21,8,2,0,4,940,1,0,0,0,0,0,0
53,0,2339.0,2,235,3,0,2627,0,0,중식,22,5,3,0,4,953,0,0,0,0,1,0,0
62,0,2320.0,3,245,3,0,2627,0,321,한식,23,7,4,0,4,911,0,1,0,0,0,0,0
181,0,2167.0,4,279,3,0,2627,0,50,중식,24,3,5,0,5,644,0,0,0,0,0,1,0
105,0,2280.0,0,242,3,0,2627,0,360,한식,27,8,1,0,5,1114,0,0,0,0,0,1,0
44,0,2335.0,1,248,3,0,2627,0,368,한식,28,6,2,0,3,970,0,0,0,0,0,1,0
42,0,2348.0,2,237,3,0,2627,0,0,한식,29,8,3,0,4,966,0,0,0,0,0,1,0
67,0,2282.0,3,278,3,0,2627,0,223,중식,30,7,4,0,5,802,0,0,0,1,0,0,0
147,0,2184.0,4,296,3,0,2627,0,45,일식,31,2,5,0,3,639,0,0,0,0,1,0,0
81,0,2347.0,0,198,4,0,2626,0,465,한식,3,9,1,0,5,1258,0,0,0,0,0,0,1
54,0,2360.0,1,212,4,0,2626,0,418,한식,4,8,2,0,4,809,0,0,0,0,0,1,0
63,0,2312.0,2,251,4,0,2626,0,0,중식,5,6,3,0,4,1060,1,0,0,0,0,0,0
65,0,2290.0,3,271,4,0,2626,0,317,한식,6,5,4,0,4,897,0,0,0,0,1,0,0
151,0,2184.0,4,291,4,0,2626,0,67,한식,7,4,5,0,3,602,0,0,0,0,0,0,1
81,0,2316.0,0,229,4,0,2626,0,418,한식,10,6,1,0,4,1218,0,0,0,0,0,1,0
44,0,2348.0,1,234,4,0,2626,0,440,한식,11,2,2,0,4,994,0,0,0,1,0,0,0
41,0,2344.0,2,241,4,0,2626,0,0,한식,12,7,3,0,4,893,0,0,0,0,0,0,1
61,0,2295.0,3,270,4,0,2626,0,318,일식,13,5,4,0,5,784,1,0,0,0,0,0,0
122,0,2206.0,4,298,4,0,2626,0,55,한식,14,2,5,0,3,541,0,0,0,0,0,1,0
82,0,2324.0,0,220,4,0,2626,0,434,한식,17,7,1,0,4,1237,0,0,0,0,0,1,0
57,0,2325.0,1,244,4,0,2626,0,405,한식,18,8,2,0,4,839,1,0,0,0,0,0,0
36,0,2334.0,2,256,4,0,2626,0,0,중식,19,2,3,0,4,871,0,0,0,1,0,0,0
44,0,2294.0,3,288,4,0,2626,0,284,한식,20,7,4,0,4,713,0,1,0,0,0,0,0
137,0,2182.0,4,307,4,0,2626,0,59,한식,21,8,5,0,4,547,0,0,0,0,0,1,0
76,0,2290.0,0,260,4,0,2626,0,373,한식,24,8,1,0,4,1109,0,0,0,0,0,1,0
69,0,2269.0,1,288,4,0,2626,0,336,한식,25,5,2,0,3,791,0,0,0,0,1,0,0
45,0,2277.0,2,304,4,0,2626,0,0,한식,26,2,3,0,4,835,0,0,0,0,1,0,0
61,0,2254.0,3,311,4,0,2626,0,183,양식,27,1,4,0,4,788,0,0,0,0,0,0,1
161,0,2155.0,4,310,4,0,2626,0,44,중식,28,7,5,0,5,575,0,0,0,1,0,0,0
933,0,1581.0,1,123,5,1,2637,0,88,한식,2,9,2,0,4,525,0,0,0,0,0,0,1
1224,0,1372.0,3,41,5,1,2637,1,45,한식,4,5,4,0,4,383,0,0,0,0,0,1,0
715,0,1792.0,0,130,5,1,2637,1,151,한식,8,8,1,0,4,792,0,0,0,0,0,1,0
68,1,2346.0,2,223,5,0,2637,0,0,한식,10,7,3,0,4,1235,0,0,0,0,0,1,0
57,0,2316.0,3,264,5,0,2637,0,471,한식,11,6,4,0,4,829,0,0,0,0,0,1,0
113,0,2235.0,4,289,5,0,2637,0,96,중식,12,5,5,0,4,817,0,0,0,0,1,0,0
63,0,2350.0,0,224,5,0,2637,0,516,한식,15,7,1,0,4,1203,0,0,0,0,0,1,0
41,0,2330.0,1,266,5,0,2637,0,486,한식,16,2,2,0,3,890,0,0,0,0,0,1,0
46,0,2323.0,2,268,5,0,2637,0,0,한식,17,8,3,0,4,864,1,0,0,0,0,0,0
60,0,2290.0,3,287,5,0,2637,0,343,한식,18,2,4,0,4,796,0,0,0,0,0,0,1
146,0,2186.0,4,305,5,0,2637,0,81,한식,19,5,5,0,5,662,0,0,0,0,1,0,0
63,0,2334.0,0,240,5,0,2637,0,504,한식,22,7,1,0,4,1207,0,0,0,0,0,1,0
47,0,2333.0,1,257,5,0,2637,0,429,한식,23,5,2,0,3,889,0,1,0,0,0,0,0
49,0,2311.0,2,277,5,0,2637,0,0,한식,24,2,3,0,4,852,0,0,0,0,0,0,1
57,0,2290.0,3,290,5,0,2637,0,320,한식,25,9,4,0,4,838,0,0,0,0,0,1,0
164,0,2171.0,4,302,5,0,2637,0,60,한식,26,4,5,0,4,597,0,0,0,0,0,1,0
88,0,2309.0,0,240,5,0,2637,0,394,한식,29,8,1,0,5,1193,0,0,0,0,0,1,0
57,0,2324.0,1,256,5,0,2637,0,293,중식,30,7,2,0,4,821,0,1,0,0,0,0,0
43,0,2329.0,2,265,5,0,2637,0,0,중식,31,3,3,0,4,910,0,0,0,1,0,0,0
66,0,2317.0,3,265,6,0,2648,0,317,한식,1,7,4,0,4,914,0,1,0,0,0,0,0
165,0,2190.0,4,293,6,0,2648,0,77,한식,2,2,5,0,4,699,0,0,0,0,0,0,1
633,0,1865.0,0,150,6,1,2648,1,174,한식,5,7,1,0,4,760,0,0,0,0,0,1,0
75,1,2345.0,2,228,6,0,2648,0,0,한식,7,9,3,0,4,1127,0,0,0,0,0,0,1
63,0,2311.0,3,274,6,0,2648,0,423,한식,8,4,4,0,4,857,0,0,0,0,0,0,1
130,0,2224.0,4,294,6,0,2648,0,67,중식,9,5,5,0,4,715,0,0,0,0,1,0,0
87,0,2352.0,0,209,6,0,2648,0,529,한식,12,8,1,0,4,1140,0,0,0,0,0,1,0
47,0,2367.0,1,234,6,0,2648,0,451,한식,13,6,2,0,4,916,0,0,0,0,0,1,0
55,0,2340.0,2,253,6,0,2648,0,0,한식,14,5,3,0,4,907,0,0,0,0,1,0,0
64,0,2316.0,3,268,6,0,2648,0,318,한식,15,2,4,0,3,763,0,0,0,0,0,0,1
164,0,2179.0,4,305,6,0,2648,0,62,한식,16,7,5,0,4,644,0,0,0,0,0,0,1
102,0,2320.0,0,226,6,0,2648,0,455,한식,19,7,1,0,4,1126,0,0,0,0,0,1,0
66,0,2329.0,1,253,6,0,2648,0,429,한식,20,2,2,0,4,888,0,1,0,0,0,0,0
60,0,2319.0,2,269,6,0,2648,0,0,일식,21,8,3,0,4,982,0,0,0,0,0,1,0
69,0,2306.0,3,273,6,0,2648,0,317,한식,22,2,4,0,3,875,0,0,0,1,0,0,0
162,0,2196.0,4,290,6,0,2648,0,57,한식,23,5,5,0,5,609,0,0,0,0,0,1,0
112,0,2299.0,0,237,6,0,2648,0,374,한식,26,9,1,0,3,1147,0,0,0,0,0,1,0
59,0,2333.0,1,256,6,0,2648,0,309,한식,27,2,2,0,5,973,0,0,0,0,0,1,0
58,0,2331.0,2,259,6,0,2648,0,0,한식,28,2,3,0,4,745,0,0,0,0,0,0,1
66,0,2316.0,3,266,6,0,2648,0,209,일식,29,1,4,0,4,814,0,0,0,0,1,0,0
188,0,2164.0,4,296,6,0,2648,0,34,한식,30,5,5,0,5,695,0,1,0,0,0,0,0
66,0,2559.0,0,214,7,0,2839,0,414,한식,3,8,1,0,4,1231,0,0,0,0,0,1,0
50,0,2542.0,1,247,7,0,2839,0,368,한식,4,6,2,0,4,962,0,0,0,0,0,1,0
46,0,2533.0,2,260,7,0,2839,0,0,중식,5,6,3,0,4,912,1,0,0,0,0,0,0
72,0,2499.0,3,268,7,0,2839,0,341,한식,6,7,4,0,4,821,0,1,0,0,0,0,0
146,0,2405.0,4,288,7,0,2839,0,73,중식,7,5,5,0,4,613,0,0,0,0,1,0,0
98,0,2526.0,0,215,7,0,2839,0,406,한식,10,8,1,0,4,1084,0,0,0,0,0,1,0
62,0,2545.0,1,232,7,0,2839,0,380,한식,11,4,2,0,5,866,0,0,0,0,0,1,0
69,0,2507.0,2,263,7,0,2839,0,0,특식,12,3,3,0,6,918,0,0,0,1,0,0,0
79,0,2483.0,3,277,7,0,2839,0,311,한식,13,7,4,0,4,765,0,1,0,0,0,0,0
209,0,2344.0,4,286,7,0,2839,0,57,한식,14,2,5,0,4,613,1,0,0,0,0,0,0
132,0,2495.0,0,212,7,0,2839,0,424,한식,17,7,1,0,4,1168,0,0,0,0,0,1,0
98,0,2502.0,1,239,7,0,2839,0,419,한식,18,5,2,0,4,916,0,1,0,0,0,0,0
79,0,2501.0,2,259,7,0,2839,0,0,중식,19,3,3,0,4,830,0,0,1,0,0,0,0
90,0,2471.0,3,278,7,0,2839,0,270,한식,20,2,4,0,3,750,0,0,0,0,0,1,0
206,0,2332.0,4,301,7,0,2839,0,46,한식,21,1,5,0,3,648,1,0,0,0,0,0,0
237,0,2391.0,0,211,7,0,2839,0,401,한식,24,8,1,0,5,1119,0,0,0,0,0,1,0
214,0,2382.0,1,243,7,0,2839,0,272,한식,25,2,2,0,4,827,0,0,0,0,1,0,0
254,0,2339.0,2,246,7,0,2839,0,0,한식,26,3,3,0,4,797,0,0,1,0,0,0,0
334,0,2265.0,3,240,7,0,2839,0,221,한식,27,5,4,0,4,804,0,0,0,0,1,0,0
419,0,2156.0,4,264,7,0,2839,0,46,한식,28,4,5,0,3,501,0,0,0,0,0,1,0
524,0,2159.0,0,156,7,0,2839,0,192,한식,31,8,1,0,4,945,0,0,0,0,0,1,0
466,0,1998.0,1,181,8,0,2645,0,320,한식,1,2,2,0,4,745,0,0,0,1,0,0,0
454,0,2003.0,2,188,8,0,2645,0,0,한식,2,4,3,0,5,799,0,0,0,0,0,0,1
451,0,1987.0,3,207,8,0,2645,0,301,한식,3,5,4,0,4,776,0,0,0,0,0,0,1
544,0,1863.0,4,238,8,0,2645,0,55,한식,4,7,5,0,4,668,0,0,0,0,0,1,0
428,0,2049.0,0,168,8,0,2645,0,351,한식,7,6,1,0,5,1078,0,0,0,0,0,1,0
414,0,2024.0,1,207,8,0,2645,0,350,한식,8,5,2,0,4,842,0,0,0,0,0,1,0
428,0,2007.0,2,210,8,0,2645,0,0,일식,9,1,3,0,4,946,0,0,0,0,1,0,0
438,0,1979.0,3,228,8,0,2645,0,292,한식,10,2,4,0,4,777,0,0,0,0,0,0,1
566,0,1839.0,4,240,8,0,2645,0,66,한식,11,7,5,0,4,710,0,1,0,0,0,0,0
863,0,1651.0,0,131,8,1,2645,1,114,한식,14,8,1,0,4,692,0,0,0,0,0,1,0
403,1,2062.0,2,180,8,0,2645,0,0,한식,16,2,3,0,3,973,0,0,0,0,0,1,0
357,0,2067.0,3,221,8,0,2645,0,380,한식,17,5,4,0,4,823,0,1,0,0,0,0,0
396,0,1977.0,4,272,8,0,2645,0,61,중식,18,2,5,0,4,731,0,0,0,0,1,0,0
74,0,2402.0,0,169,8,0,2645,0,618,한식,21,8,1,0,4,1232,0,0,0,0,0,1,0
74,0,2358.0,1,213,8,0,2645,0,484,중식,22,7,2,0,4,1053,0,0,0,1,0,0,0
72,0,2358.0,2,215,8,0,2645,0,0,한식,23,2,3,0,4,953,0,1,0,0,0,0,0
78,0,2308.0,3,259,8,0,2645,0,344,한식,24,6,4,0,3,843,0,0,0,0,0,1,0
164,0,2171.0,4,310,8,0,2645,0,55,한식,25,1,5,0,5,594,1,0,0,0,0,0,0
169,0,2251.0,0,225,8,0,2645,0,337,한식,28,8,1,0,4,1191,0,0,0,0,0,1,0
121,0,2264.0,1,260,8,0,2645,0,294,한식,29,5,2,0,4,877,0,0,0,0,0,1,0
116,0,2259.0,2,270,8,0,2645,0,0,한식,30,8,3,0,4,898,0,0,0,0,0,1,0
110,0,2254.0,3,281,8,0,2645,0,189,한식,31,2,4,0,3,852,0,0,0,0,0,0,1
177,0,2162.0,4,303,9,0,2642,0,45,한식,1,9,5,0,4,663,0,0,0,0,0,0,1
113,0,2286.0,0,243,9,0,2642,0,416,한식,4,8,1,0,5,1168,0,0,0,0,0,1,0
74,0,2303.0,1,265,9,0,2642,0,390,한식,5,7,2,0,4,924,0,1,0,0,0,0,0
69,0,2298.0,2,275,9,0,2642,0,0,한식,6,5,3,0,5,922,0,0,0,0,1,0,0
78,0,2285.0,3,279,9,0,2642,0,358,한식,7,2,4,0,3,926,0,0,0,0,0,1,0
155,0,2182.0,4,305,9,0,2642,0,66,중식,8,7,5,0,4,662,0,1,0,0,0,0,0
101,0,2338.0,0,203,9,0,2642,0,478,한식,11,7,1,0,4,1350,0,0,0,0,0,1,0
72,0,2328.0,1,242,9,0,2642,0,430,한식,12,2,2,0,3,993,0,0,0,1,0,0,0
57,0,2332.0,2,253,9,0,2642,0,0,일식,13,4,3,0,4,945,1,0,0,0,0,0,0
68,0,2283.0,3,291,9,0,2642,0,317,한식,14,5,4,0,3,860,0,1,0,0,0,0,0
198,0,2154.0,4,290,9,0,2642,0,70,한식,15,3,5,0,4,602,1,0,0,0,0,0,0
93,0,2329.0,0,220,9,0,2642,0,501,한식,18,8,1,0,4,1214,0,0,0,0,0,1,0
49,0,2347.0,1,246,9,0,2642,0,432,한식,19,6,2,0,4,958,0,0,0,0,0,1,0
62,0,2301.0,2,279,9,0,2642,0,0,한식,20,3,3,0,4,890,0,0,0,0,0,1,0
70,0,2292.0,3,280,9,0,2642,0,334,한식,21,2,4,0,3,820,0,0,0,0,0,0,1
174,0,2177.0,4,291,9,0,2642,0,67,한식,22,5,5,0,4,735,0,0,0,0,1,0,0
97,0,2287.0,0,258,9,0,2642,0,385,한식,25,8,1,0,4,1099,0,0,0,0,0,1,0
81,0,2300.0,1,261,9,0,2642,0,342,한식,26,5,2,0,4,902,0,0,0,0,0,1,0
70,0,2307.0,2,265,9,0,2642,0,0,한식,27,7,3,0,4,1023,0,0,0,0,0,0,1
102,0,2277.0,3,263,9,0,2642,0,202,한식,28,6,4,0,3,589,0,0,0,0,0,1,0
214,0,2180.0,4,248,9,1,2642,1,22,한식,29,8,5,0,4,760,0,0,0,0,0,1,0
105,1,2331.0,1,209,10,0,2645,1,641,한식,10,9,2,0,4,1265,0,0,0,0,0,0,1
60,0,2335.0,2,250,10,0,2645,0,0,중식,11,7,3,0,4,1109,0,0,0,1,0,0,0
46,0,2330.0,3,269,10,0,2645,0,1017,한식,12,5,4,0,4,989,0,1,0,0,0,0,0
63,0,2314.0,4,268,10,0,2645,0,86,한식,13,2,5,0,3,1015,0,0,0,0,0,1,0
90,0,2330.0,0,225,10,0,2645,0,464,한식,16,7,1,0,3,1173,0,0,0,0,0,1,0
56,0,2331.0,1,258,10,0,2645,0,453,한식,17,2,2,0,4,848,1,0,0,0,0,0,0
45,0,2330.0,2,270,10,0,2645,0,0,일식,18,1,3,0,5,814,0,0,0,0,1,0,0
67,0,2296.0,3,282,10,0,2645,0,341,중식,19,5,4,0,4,901,0,0,0,0,1,0,0
190,0,2154.0,4,301,10,0,2645,0,53,한식,20,2,5,0,3,533,0,0,0,0,0,1,0
116,0,2279.0,0,250,10,0,2645,0,435,한식,23,8,1,0,4,1115,0,0,0,0,0,1,0
65,0,2322.0,1,258,10,0,2645,0,400,한식,24,6,2,0,4,1037,0,0,0,0,0,1,0
75,0,2281.0,2,289,10,0,2645,0,0,한식,25,2,3,0,4,786,1,0,0,0,0,0,0
101,0,2242.0,3,302,10,0,2645,0,251,한식,26,5,4,0,3,824,0,0,0,0,1,0,0
210,0,2126.0,4,309,10,0,2645,0,57,한식,27,7,5,0,4,567,0,1,0,0,0,0,0
124,0,2271.0,0,250,10,0,2645,0,374,한식,30,5,1,0,4,1150,0,0,0,0,0,1,0
63,0,2292.0,1,290,10,0,2645,0,238,한식,31,7,2,0,4,955,0,1,0,0,0,0,0
63,0,2302.0,2,279,11,0,2644,0,0,일식,1,3,3,0,4,815,0,1,0,0,0,0,0
53,0,2287.0,3,304,11,0,2644,0,333,한식,2,2,4,0,4,854,0,0,0,0,0,1,0
173,0,2167.0,4,304,11,0,2644,0,58,중식,3,7,5,0,4,644,0,0,0,1,0,0,0
93,0,2307.0,0,244,11,0,2644,0,452,한식,6,8,1,0,4,1167,0,0,0,0,0,1,0
75,0,2301.0,1,268,11,0,2644,0,462,일식,7,1,2,0,5,943,0,0,0,0,1,0,0
60,0,2308.0,2,276,11,0,2644,0,0,한식,8,8,3,0,4,780,0,0,0,0,0,1,0
90,0,2267.0,3,287,11,0,2644,0,347,한식,9,5,4,0,4,797,0,1,0,0,0,0,0
184,0,2168.0,4,292,11,0,2644,0,56,한식,10,7,5,0,4,630,0,1,0,0,0,0,0
107,0,2297.0,0,240,11,0,2644,0,525,한식,13,8,1,0,4,1017,0,0,0,0,0,1,0
78,0,2297.0,1,269,11,0,2644,0,388,한식,14,7,2,0,4,924,0,1,0,0,0,0,0
87,0,2281.0,2,276,11,0,2644,0,0,한식,15,2,3,0,4,895,0,0,0,0,0,0,1
129,0,2232.0,3,283,11,0,2644,0,347,한식,16,5,4,0,5,736,0,1,0,0,0,0,0
213,0,2120.0,4,311,11,0,2644,0,58,한식,17,4,5,0,4,640,0,0,0,0,0,0,1
107,0,2300.0,0,237,11,0,2644,0,517,한식,20,2,1,0,3,1115,0,0,0,0,0,1,0
77,0,2311.0,1,256,11,0,2644,0,435,한식,21,5,2,0,5,954,0,0,0,0,1,0,0
64,0,2303.0,2,277,11,0,2644,0,0,한식,22,7,3,0,4,817,0,0,0,0,1,0,0
122,0,2234.0,3,288,11,0,2644,0,305,한식,23,2,4,0,3,758,0,0,0,0,0,0,1
210,0,2131.0,4,303,11,0,2644,0,63,한식,24,7,5,0,5,563,0,0,0,0,0,1,0
132,0,2250.0,0,262,11,0,2644,0,402,한식,27,8,1,0,4,1065,0,0,0,0,0,1,0
112,0,2267.0,1,265,11,0,2644,0,347,중식,28,7,2,0,4,929,0,0,0,1,0,0,0
78,0,2305.0,2,261,11,0,2644,0,0,한식,29,2,3,0,4,903,1,0,0,0,0,0,0
97,0,2280.0,3,267,11,0,2644,0,256,한식,30,7,4,0,4,781,0,0,0,0,0,1,0
243,0,2154.0,4,268,12,0,2665,0,136,한식,1,5,5,0,5,660,0,1,0,0,0,0,0
117,0,2342.0,0,206,12,0,2665,0,868,한식,4,7,1,0,4,1142,0,0,0,0,0,1,0
60,0,2380.0,1,225,12,0,2665,0,871,한식,5,6,2,0,3,939,0,0,0,0,0,1,0
78,0,2333.0,2,254,12,0,2665,0,0,일식,6,2,3,0,4,860,0,0,0,0,1,0,0
98,0,2297.0,3,270,12,0,2665,0,608,한식,7,5,4,0,4,740,0,0,0,1,0,0,0
169,0,2192.0,4,304,12,0,2665,0,141,한식,8,1,5,0,4,682,1,0,0,0,0,0,0
93,0,2353.0,0,219,12,0,2665,0,748,한식,11,7,1,0,4,1165,0,0,0,0,0,1,0
73,0,2355.0,1,237,12,0,2665,0,604,한식,12,2,2,0,3,884,0,0,0,1,0,0,0
67,0,2352.0,2,246,12,0,2665,0,0,일식,13,4,3,0,4,978,1,0,0,0,0,0,0
105,0,2294.0,3,266,12,0,2665,0,309,한식,14,2,4,0,4,875,1,0,0,0,0,0,0
208,0,2169.0,4,288,12,0,2665,0,48,중식,15,7,5,0,4,618,0,0,0,1,0,0,0
140,0,2295.0,0,230,12,0,2665,0,156,한식,18,8,1,0,5,1149,0,0,0,0,0,1,0
109,0,2287.0,1,269,12,0,2665,0,146,한식,19,6,2,0,4,715,0,0,0,0,0,1,0
108,0,2295.0,2,262,12,0,2665,0,0,중식,20,7,3,0,5,814,0,1,0,0,0,0,0
127,0,2276.0,3,262,12,0,2665,0,102,한식,21,9,4,0,4,692,0,0,0,0,0,0,1
239,0,2156.0,4,270,12,1,2665,1,34,한식,22,5,5,0,4,565,0,0,0,0,1,0,0
267,1,2171.0,1,227,12,0,2665,1,62,한식,26,8,2,0,5,915,0,0,0,0,0,1,0
169,0,2241.0,2,255,12,0,2665,0,0,한식,27,2,3,0,3,571,0,0,0,0,0,1,0
240,0,2165.0,3,260,12,0,2665,0,55,한식,28,7,4,0,4,311,0,1,0,0,0,0,0
489,0,1934.0,4,242,12,1,2665,1,5,한식,29,5,5,0,5,394,0,0,0,1,0,0,0
73,1,2480.0,1,102,1,0,2655,1,301,한식,2,8,2,0,4,1148,0,1,0,0,0,0,0
60,0,2388.0,2,207,1,0,2655,0,0,한식,3,2,3,0,4,883,0,0,0,0,0,0,1
67,0,2362.0,3,226,1,0,2655,0,326,한식,4,7,4,0,4,893,0,0,0,0,0,1,0
152,0,2257.0,4,246,1,0,2655,0,58,중식,5,5,5,0,4,762,0,0,0,0,1,0,0
100,0,2361.0,0,194,1,0,2655,0,377,한식,8,8,1,0,5,1178,0,0,0,0,0,1,0
70,0,2370.0,1,215,1,0,2655,0,298,한식,9,5,2,0,4,816,0,0,0,0,1,0,0
58,0,2387.0,2,210,1,0,2655,0,0,중식,10,3,3,0,4,865,0,0,0,0,0,1,0
73,0,2344.0,3,238,1,0,2655,0,337,한식,11,2,4,0,4,911,0,0,0,0,0,1,0
163,0,2226.0,4,266,1,0,2655,0,59,한식,12,2,5,0,3,679,0,0,0,0,1,0,0
112,0,2351.0,0,192,1,0,2655,0,443,한식,15,7,1,0,4,1256,0,0,0,0,0,1,0
73,0,2366.0,1,216,1,0,2655,0,405,한식,16,4,2,0,5,1076,0,0,0,0,0,0,1
70,0,2362.0,2,223,1,0,2655,0,0,한식,17,5,3,0,4,969,0,0,0,0,1,0,0
98,0,2324.0,3,233,1,0,2655,0,325,한식,18,8,4,0,4,830,1,0,0,0,0,0,0
224,0,2156.0,4,275,1,0,2655,0,77,중식,19,2,5,0,3,654,0,0,0,1,0,0,0
103,0,2341.0,0,211,1,0,2655,0,371,한식,22,8,1,0,5,1241,0,0,0,0,0,1,0
66,0,2359.0,1,230,1,0,2655,0,297,한식,23,2,2,0,4,872,0,0,0,0,0,1,0
51,0,2380.0,2,224,1,0,2655,0,0,중식,24,7,3,0,4,845,0,0,0,1,0,0,0
57,0,2373.0,3,225,1,0,2655,0,261,한식,25,7,4,0,4,754,0,0,0,0,0,1,0
166,0,2227.0,4,262,1,0,2655,0,43,한식,26,5,5,0,4,722,0,0,0,0,1,0,0
70,0,2393.0,0,192,1,0,2655,0,454,한식,29,4,1,0,4,1417,0,1,0,0,0,0,0
60,0,2379.0,1,216,1,0,2655,0,433,한식,30,5,2,0,5,1054,0,0,0,0,0,1,0
56,0,2376.0,2,223,1,0,2655,0,0,중식,31,3,3,0,4,1138,0,0,1,0,0,0,0
73,0,2380.0,3,254,2,0,2707,0,401,양식,1,1,4,0,3,1002,0,0,0,0,0,0,1
153,0,2276.0,4,278,2,0,2707,0,88,중식,2,7,5,0,3,760,0,0,0,1,0,0,0
76,0,2418.0,0,213,2,0,2707,0,560,한식,5,7,1,0,4,1372,0,0,0,0,0,1,0
50,0,2422.0,1,235,2,0,2707,0,491,한식,6,8,2,0,4,1085,1,0,0,0,0,0,0
59,0,2395.0,2,253,2,0,2707,0,0,한식,7,8,3,0,4,1107,0,0,0,0,0,1,0
71,0,2363.0,3,273,2,0,2707,0,378,중식,8,7,4,0,4,984,0,1,0,0,0,0,0
149,0,2262.0,4,296,2,0,2707,0,86,한식,9,2,5,0,4,724,0,0,0,0,0,1,0
103,0,2360.0,0,244,2,0,2707,0,476,한식,12,5,1,0,3,1251,0,0,0,0,0,1,0
106,0,2366.0,1,235,2,0,2707,0,371,중식,13,7,2,0,4,955,0,0,0,1,0,0,0
418,0,2130.0,2,159,2,1,2707,1,0,한식,14,8,3,0,4,850,0,0,0,0,0,1,0
255,1,2281.0,0,171,2,0,2707,1,604,한식,19,9,1,0,4,1298,0,0,0,0,0,0,1
82,0,2394.0,1,231,2,0,2707,0,521,한식,20,8,2,0,4,1105,0,0,0,0,0,1,0
74,0,2390.0,2,243,2,0,2707,0,0,일식,21,3,3,0,4,1087,0,0,0,0,0,0,1
82,0,2348.0,3,277,2,0,2707,0,400,한식,22,5,4,0,4,988,0,0,0,0,1,0,0
161,0,2242.0,4,304,2,0,2707,0,69,한식,23,7,5,0,4,651,0,1,0,0,0,0,0
105,0,2371.0,0,231,2,0,2707,0,491,한식,26,8,1,0,5,1192,0,0,0,0,0,1,0
81,0,2363.0,1,263,2,0,2707,0,332,한식,27,7,2,0,4,934,0,1,0,0,0,0,0
134,0,2295.0,2,278,2,1,2707,1,0,한식,28,5,3,0,5,786,0,0,0,0,1,0,0
840,1,1668.0,4,206,3,0,2714,1,57,한식,2,3,5,0,3,508,0,0,0,0,0,0,1
92,0,2411.0,0,211,3,0,2714,0,593,한식,5,8,1,0,4,1355,1,0,0,0,0,0,0
54,0,2418.0,1,242,3,0,2714,0,547,한식,6,5,2,0,4,1020,0,0,0,0,1,0,0
41,0,2435.0,2,238,3,0,2714,0,0,한식,7,2,3,0,4,1057,0,0,0,0,0,0,1
38,0,2408.0,3,268,3,0,2714,0,406,한식,8,9,4,0,5,973,0,0,0,0,0,1,0
123,0,2297.0,4,294,3,0,2714,0,77,한식,9,6,5,0,3,716,0,0,0,0,0,1,0
69,0,2428.0,0,217,3,0,2714,0,591,한식,12,8,1,0,4,1361,0,0,0,0,0,1,0
39,0,2426.0,1,249,3,0,2714,0,556,한식,13,1,2,0,3,997,1,0,0,0,0,0,0
56,0,2413.0,2,245,3,0,2714,0,0,중식,14,2,3,0,4,948,0,0,0,1,0,0,0
47,0,2397.0,3,270,3,0,2714,0,359,일식,15,5,4,0,5,975,1,0,0,0,0,0,0
135,0,2277.0,4,302,3,0,2714,0,75,한식,16,2,5,0,4,707,0,0,0,0,0,1,0
80,0,2410.0,0,224,3,0,2714,0,503,한식,19,7,1,0,5,1159,0,0,0,0,0,1,0
46,0,2422.0,1,246,3,0,2714,0,445,한식,20,2,2,0,4,1040,0,0,0,1,0,0,0
45,0,2406.0,2,263,3,0,2714,0,0,한식,21,5,3,0,3,1092,0,0,0,1,0,0,0
56,0,2368.0,3,290,3,0,2714,0,327,한식,22,2,4,0,4,899,0,0,0,0,1,0,0
174,0,2233.0,4,307,3,0,2714,0,51,일식,23,1,5,0,4,759,0,0,0,0,1,0,0
125,0,2363.0,0,226,3,0,2714,0,448,한식,26,5,1,0,3,1276,0,0,0,0,0,1,0
52,0,2404.0,1,258,3,0,2714,0,408,한식,27,7,2,0,4,1005,0,1,0,0,0,0,0
45,0,2417.0,2,252,3,0,2714,0,0,중식,28,5,3,0,4,926,0,0,0,0,1,0,0
51,0,2390.0,3,273,3,0,2714,0,302,중식,29,3,4,0,3,936,0,0,0,0,0,1,0
196,0,2222.0,4,296,3,0,2714,0,43,한식,30,6,5,0,4,616,0,0,0,0,0,1,0
83,0,2407.0,0,224,4,0,2714,0,481,한식,2,6,1,0,4,1212,0,0,0,0,0,1,0
56,0,2392.0,1,266,4,0,2714,0,438,한식,3,8,2,0,5,800,0,0,0,0,0,1,0
64,0,2383.0,2,267,4,0,2714,0,0,한식,4,5,3,0,4,903,0,0,0,0,0,0,1
69,0,2360.0,3,285,4,0,2714,0,378,중식,5,6,4,0,4,849,1,0,0,0,0,0,0
220,0,2199.0,4,295,4,0,2714,0,49,한식,6,5,5,0,4,741,0,0,0,0,1,0,0
118,0,2375.0,0,221,4,0,2714,0,523,한식,9,7,1,0,4,1283,0,0,0,0,0,1,0
66,0,2392.0,1,256,4,0,2714,0,420,한식,10,8,2,0,5,855,1,0,0,0,0,0,0
23,0,2452.0,2,239,4,0,2714,0,0,한식,11,2,3,0,4,804,0,0,0,0,0,1,0
40,0,2406.0,3,268,4,0,2714,0,384,한식,12,2,4,0,4,796,1,0,0,0,0,0,0
164,0,2258.0,4,292,4,0,2714,0,45,한식,13,5,5,0,4,652,0,1,0,0,0,0,0
84,0,2396.0,0,234,4,0,2714,0,484,한식,16,8,1,0,4,1195,0,0,0,0,0,1,0
39,0,2414.0,1,261,4,0,2714,0,413,한식,17,9,2,0,4,900,0,0,0,0,0,0,1
49,0,2397.0,2,268,4,0,2714,0,0,한식,18,5,3,0,4,922,0,0,0,0,1,0,0
98,0,2328.0,3,288,4,0,2714,0,285,한식,19,7,4,0,5,846,0,0,0,0,0,1,0
194,0,2217.0,4,303,4,0,2714,0,42,한식,20,2,5,0,4,605,0,0,0,0,1,0,0
89,0,2390.0,0,235,4,0,2714,0,440,중식,23,6,1,0,4,1246,1,0,0,0,0,0,0
60,0,2380.0,1,274,4,0,2714,0,360,중식,24,5,2,0,3,940,0,0,0,0,1,0,0
66,0,2363.0,2,285,4,0,2714,0,0,한식,25,2,3,0,4,851,0,0,0,0,1,0,0
69,0,2352.0,3,293,4,0,2714,0,266,한식,26,5,4,0,4,761,0,1,0,0,0,0,0
205,0,2205.0,4,304,4,0,2714,0,40,한식,27,7,5,0,4,674,0,0,0,0,0,0,1
646,0,1888.0,0,180,4,0,2714,0,107,일식,30,5,1,0,5,629,1,0,0,0,0,0,0
110,0,2364.0,2,247,5,0,2721,0,0,중식,2,3,3,0,4,1137,0,0,1,0,0,0,0
102,0,2323.0,3,296,5,0,2721,0,332,일식,3,1,4,0,4,883,0,0,0,0,1,0,0
241,0,2196.0,4,284,5,1,2721,1,57,한식,4,7,5,0,4,630,0,0,0,0,0,1,0
133,1,2357.0,1,231,5,0,2721,1,590,한식,8,8,2,0,4,1225,0,0,0,0,0,1,0
86,0,2366.0,2,269,5,0,2721,0,0,중식,9,2,3,0,4,919,0,0,0,1,0,0,0
80,0,2350.0,3,291,5,0,2721,0,369,한식,10,7,4,0,4,763,0,0,0,0,0,1,0
183,0,2242.0,4,296,5,0,2721,0,48,한식,11,2,5,0,3,602,0,0,0,0,0,1,0
100,0,2392.0,0,229,5,0,2721,0,490,한식,14,9,1,0,4,1229,0,0,0,0,0,0,1
64,0,2385.0,1,272,5,0,2721,0,457,한식,15,7,2,0,4,1004,0,1,0,0,0,0,0
58,0,2399.0,2,264,5,0,2721,0,0,일식,16,3,3,0,4,1031,0,0,0,0,0,0,1
71,0,2372.0,3,278,5,0,2721,0,343,한식,17,5,4,0,4,811,0,0,0,1,0,0,0
145,0,2274.0,4,302,5,0,2721,0,29,한식,18,6,5,0,3,563,0,0,0,0,0,1,0
861,0,1716.0,0,144,5,1,2721,1,139,한식,21,8,1,0,4,543,0,0,0,0,0,1,0
89,1,2386.0,2,246,5,0,2721,0,0,한식,23,5,3,0,4,1065,0,0,0,0,1,0,0
64,0,2376.0,3,281,5,0,2721,0,379,한식,24,7,4,0,4,754,0,1,0,0,0,0,0
136,0,2292.0,4,293,5,0,2721,0,70,한식,25,2,5,0,4,594,0,0,0,0,0,0,1
92,0,2408.0,0,221,5,0,2721,0,495,한식,28,7,1,0,4,1306,0,0,0,0,0,1,0
73,0,2390.0,1,258,5,0,2721,0,422,한식,29,2,2,0,4,931,0,0,0,0,0,1,0
80,0,2360.0,2,281,5,0,2721,0,0,일식,30,1,3,0,4,876,0,0,0,0,1,0,0
90,0,2348.0,3,283,5,0,2721,0,242,중식,31,7,4,0,5,856,0,1,0,0,0,0,0
180,0,2257.0,0,291,6,0,2728,0,55,한식,1,5,1,0,4,649,0,0,0,0,1,0,0
158,0,2355.0,0,215,6,0,2728,0,519,한식,4,7,1,0,4,1211,0,0,0,0,0,1,0
163,0,2332.0,1,233,6,1,2728,0,253,한식,5,5,2,0,4,884,0,0,0,0,0,1,0
187,1,2276.0,3,265,6,0,2728,0,379,중식,7,3,4,0,4,890,0,0,0,0,0,1,0
252,0,2188.0,4,288,6,0,2728,0,65,한식,8,3,5,0,5,631,0,0,0,0,0,0,1
153,0,2380.0,0,195,6,0,2728,0,490,한식,11,8,1,0,4,1228,0,0,0,0,0,1,0
156,0,2338.0,1,234,6,1,2728,0,249,한식,12,2,2,0,3,905,0,1,0,0,0,0,0
190,1,2278.0,3,260,6,0,2728,0,381,한식,14,5,4,0,4,936,0,0,0,0,1,0,0
234,0,2199.0,4,295,6,0,2728,0,44,한식,15,2,5,0,4,639,0,0,0,0,0,1,0
87,0,2412.0,0,229,6,0,2728,0,335,한식,18,9,1,0,4,1069,0,0,0,0,0,0,1
68,0,2413.0,1,247,6,0,2728,0,415,일식,19,2,2,0,5,952,1,0,0,0,0,0,0
73,0,2398.0,2,257,6,0,2728,0,0,한식,20,4,3,0,4,875,0,0,0,0,0,0,1
72,0,2374.0,3,282,6,0,2728,0,329,한식,21,8,4,0,4,791,0,0,0,0,0,1,0
178,0,2245.0,4,305,6,0,2728,0,50,한식,22,2,5,0,3,552,0,0,0,0,1,0,0
104,0,2384.0,0,240,6,0,2728,0,424,한식,25,5,1,0,5,1128,0,0,0,0,0,1,0
71,0,2414.0,1,243,6,0,2728,0,384,중식,26,6,2,0,4,1012,1,0,0,0,0,0,0
66,0,2385.0,2,277,6,0,2728,0,0,중식,27,7,3,0,4,957,0,0,0,0,1,0,0
83,0,2359.0,3,286,6,0,2728,0,234,한식,28,7,4,0,4,803,0,1,0,0,0,0,0
210,0,2219.0,4,299,6,0,2728,0,12,한식,29,3,5,0,3,507,1,0,0,0,0,0,0
96,0,2399.0,0,209,7,0,2704,0,130,한식,2,7,1,0,4,1258,0,0,0,0,0,1,0
71,0,2413.0,1,220,7,0,2704,0,232,한식,3,8,2,0,4,975,1,0,0,0,0,0,0
94,0,2373.0,2,237,7,0,2704,0,0,중식,4,2,3,0,4,791,0,0,0,1,0,0,0
93,0,2341.0,3,270,7,0,2704,0,234,한식,5,5,4,0,4,876,0,0,0,1,0,0,0
194,0,2221.0,4,289,7,0,2704,0,36,중식,6,7,5,0,4,661,0,1,0,0,0,0,0
139,0,2337.0,0,228,7,0,2704,0,300,한식,9,7,1,0,4,1097,0,0,0,0,0,1,0
96,0,2357.0,1,251,7,0,2704,0,292,한식,10,9,2,0,3,838,0,0,0,0,0,0,1
95,0,2354.0,2,255,7,0,2704,0,1,한식,11,2,3,0,4,894,0,0,0,0,1,0,0
102,0,2332.0,3,270,7,0,2704,0,244,중식,12,5,4,0,4,764,0,0,0,0,1,0,0
200,0,2202.0,4,302,7,0,2704,0,29,한식,13,7,5,0,5,585,0,1,0,0,0,0,0
150,0,2355.0,0,199,7,0,2704,0,318,한식,16,8,1,0,4,1061,0,0,0,0,0,1,0
111,0,2337.0,1,256,7,0,2704,0,307,특식,17,3,2,0,1,1116,0,0,1,0,0,0,0
108,0,2342.0,2,254,7,0,2704,0,0,일식,18,2,3,0,4,839,0,0,0,0,1,0,0
113,0,2306.0,3,285,7,0,2704,0,265,한식,19,5,4,0,4,748,0,1,0,0,0,0,0
273,0,2140.0,4,291,7,0,2704,0,49,한식,20,7,5,0,4,489,0,0,0,0,0,1,0
224,0,2257.0,0,223,7,0,2704,0,341,한식,23,7,1,0,5,991,0,0,0,0,0,1,0
201,0,2271.0,1,232,7,0,2704,0,392,한식,24,2,2,0,4,886,0,0,0,0,0,0,1
226,0,2222.0,2,256,7,0,2704,0,1,중식,25,5,3,0,3,760,0,0,0,0,1,0,0
272,0,2167.0,3,265,7,0,2704,0,299,한식,26,7,4,0,4,714,0,1,0,0,0,0,0
403,0,2030.0,4,271,7,0,2704,0,59,한식,27,4,5,0,3,589,0,0,0,0,0,1,0
487,0,2024.0,0,193,7,0,2704,0,401,한식,30,5,1,0,4,944,0,0,0,0,0,1,0
433,0,2043.0,1,228,7,0,2704,0,287,한식,31,8,2,0,4,789,0,0,0,0,0,1,0
489,0,2298.0,2,209,8,0,2996,0,0,일식,1,4,3,0,4,820,1,0,0,0,0,0,0
548,0,2219.0,3,229,8,0,2996,0,209,한식,2,2,4,0,4,631,1,0,0,0,0,0,0
665,0,2089.0,4,242,8,0,2996,0,34,한식,3,5,5,0,4,540,0,0,0,0,0,0,1
504,0,2334.0,0,158,8,0,2996,0,333,한식,6,8,1,0,4,1092,0,0,0,0,0,1,0
469,0,2321.0,1,206,8,0,2996,0,366,한식,7,2,2,0,4,773,0,0,0,0,0,1,0
470,0,2291.0,2,235,8,0,2996,0,0,중식,8,7,3,0,4,896,0,0,0,0,1,0,0
491,0,2278.0,3,227,8,0,2996,0,271,한식,9,7,4,0,4,821,1,0,0,0,0,0,0
562,0,2180.0,4,254,8,0,2996,0,30,한식,10,2,5,0,4,548,0,0,0,0,0,0,1
575,0,2237.0,0,184,8,0,2996,0,297,한식,13,7,1,0,4,930,0,0,0,0,0,1,0
551,0,2228.0,1,217,8,1,2996,0,153,한식,14,2,2,0,3,772,0,0,0,1,0,0,0
481,1,2287.0,3,228,8,0,2996,0,228,한식,16,3,4,0,3,789,0,0,0,0,0,0,1
530,0,2221.0,4,245,8,0,2996,0,30,한식,17,8,5,0,5,646,1,0,0,0,0,0,0
204,0,2586.0,0,206,8,0,2996,0,475,한식,20,9,1,0,4,1199,0,0,0,0,0,0,1
168,0,2591.0,1,237,8,0,2996,0,355,한식,21,8,2,0,4,972,0,0,0,0,0,1,0
147,0,2611.0,2,238,8,0,2996,0,0,일식,22,2,3,0,4,1000,0,0,0,0,1,0,0
132,0,2601.0,3,263,8,0,2996,0,289,한식,23,2,4,0,4,835,0,0,0,0,0,0,1
219,0,2493.0,4,284,8,0,2996,0,46,한식,24,5,5,0,4,678,0,0,0,0,1,0,0
138,0,2632.0,0,226,8,0,2996,0,492,한식,27,8,1,0,4,1221,0,0,0,0,0,1,0
104,0,2649.0,1,243,8,0,2996,0,376,중식,28,2,2,0,3,873,0,0,0,1,0,0,0
103,0,2635.0,2,258,8,0,2996,0,0,한식,29,5,3,0,4,915,0,0,0,0,1,0,0
106,0,2626.0,3,264,8,0,2996,0,304,한식,30,3,4,0,4,849,1,0,0,0,0,0,0
216,0,2491.0,4,289,8,0,2996,0,70,한식,31,6,5,0,4,817,0,0,0,0,0,1,0
122,0,2408.0,0,233,9,0,2763,0,393,한식,3,8,1,0,4,1213,0,0,0,0,0,1,0
91,0,2410.0,1,262,9,0,2763,0,404,중식,4,7,2,0,4,938,0,1,0,0,0,0,0
93,0,2401.0,2,269,9,0,2763,0,0,중식,5,3,3,0,4,829,0,0,1,0,0,0,0
106,0,2374.0,3,283,9,0,2763,0,280,한식,6,5,4,0,5,830,0,1,0,0,0,0,0
164,0,2296.0,4,303,9,0,2763,0,56,한식,7,6,5,0,4,581,0,0,0,0,0,1,0
99,0,2421.0,0,243,9,0,2763,0,343,한식,10,8,1,0,4,1144,0,0,0,0,0,1,0
67,0,2424.0,1,272,9,0,2763,0,370,한식,11,5,2,0,3,960,0,1,0,0,0,0,0
73,0,2390.0,2,300,9,0,2763,0,0,일식,12,2,3,0,4,805,0,0,0,0,1,0,0
67,0,2390.0,3,306,9,0,2763,0,297,한식,13,7,4,0,4,882,0,1,0,0,0,0,0
174,0,2276.0,4,313,9,0,2763,0,132,한식,14,8,5,0,4,405,0,0,0,0,0,1,0
91,0,2420.0,0,252,9,0,2763,0,465,한식,17,7,1,0,5,1189,0,0,0,0,0,1,0
67,0,2407.0,1,289,9,0,2763,0,446,중식,18,6,2,0,3,946,1,0,0,0,0,0,0
77,0,2398.0,2,288,9,0,2763,0,0,일식,19,3,3,0,4,833,0,0,0,0,0,1,0
93,0,2393.0,3,277,9,0,2763,0,385,한식,20,8,4,0,5,817,1,0,0,0,0,0,0
260,0,2262.0,4,241,9,1,2763,1,51,한식,21,7,5,0,4,929,0,1,0,0,0,0,0
424,0,2148.0,0,233,10,1,2805,1,216,한식,8,8,1,0,5,895,0,0,0,0,0,1,0
80,1,2493.0,2,232,10,0,2805,0,1044,한식,10,7,3,0,4,1319,0,0,0,0,1,0,0
67,0,2498.0,3,240,10,0,2805,0,430,한식,11,2,4,0,4,1211,0,0,0,0,0,1,0
192,0,2325.0,4,288,10,0,2805,0,28,한식,12,3,5,0,3,622,0,0,0,0,0,0,1
101,0,2461.0,0,243,10,0,2805,0,268,한식,15,8,1,0,4,1235,0,0,0,0,0,1,0
63,0,2469.0,1,273,10,0,2805,0,315,한식,16,3,2,0,3,928,0,0,0,0,0,0,1
68,0,2443.0,2,294,10,0,2805,0,0,한식,17,2,3,0,4,761,0,0,0,0,1,0,0
74,0,2432.0,3,299,10,0,2805,0,175,한식,18,7,4,0,4,857,0,0,0,0,0,1,0
207,0,2295.0,4,303,10,0,2805,0,40,한식,19,5,5,0,5,627,0,0,0,0,0,1,0
141,0,2428.0,0,236,10,0,2805,0,290,한식,22,8,1,0,4,1176,0,0,0,0,0,1,0
73,0,2455.0,1,277,10,0,2805,0,243,한식,23,5,2,0,4,902,0,0,0,1,0,0,0
82,0,2424.0,2,299,10,0,2805,0,1,한식,24,7,3,0,4,777,0,1,0,0,0,0,0
110,0,2380.0,3,315,10,0,2805,0,158,한식,25,6,4,0,4,722,0,0,0,0,0,1,0
263,0,2234.0,4,308,10,0,2805,0,25,한식,26,2,5,0,4,528,0,0,0,0,0,1,0
155,0,2400.0,0,250,10,0,2805,0,316,한식,29,8,1,0,5,1156,0,0,0,0,0,1,0
89,0,2416.0,1,300,10,0,2805,0,206,중식,30,7,2,0,5,932,0,1,0,0,0,0,0
111,0,2388.0,2,306,10,0,2805,0,0,일식,31,1,3,0,4,930,0,0,0,0,1,0,0
89,0,2427.0,3,299,11,0,2815,0,172,한식,1,5,4,0,4,703,0,0,0,0,1,0,0
211,0,2305.0,4,299,11,0,2815,0,43,한식,2,9,5,0,4,539,0,0,0,0,0,0,1
104,0,2463.0,0,248,11,0,2815,0,391,한식,5,2,1,0,3,1088,0,0,0,0,0,1,0
69,0,2477.0,1,269,11,0,2815,0,393,일식,6,5,2,0,4,813,1,0,0,0,0,0,0
68,0,2448.0,2,299,11,0,2815,0,0,중식,7,7,3,0,4,860,0,0,0,1,0,0,0
72,0,2458.0,3,285,11,0,2815,0,305,한식,8,5,4,0,4,926,0,0,0,0,0,1,0
185,0,2328.0,4,302,11,0,2815,0,38,한식,9,2,5,0,3,496,0,0,0,0,0,0,1
123,0,2464.0,0,228,11,0,2815,0,401,한식,12,8,1,0,4,1154,0,0,0,0,0,1,0
91,0,2444.0,1,280,11,0,2815,0,328,한식,13,7,2,0,4,783,0,0,0,0,1,0,0
89,0,2463.0,2,263,11,0,2815,0,0,한식,14,5,3,0,4,800,0,0,0,0,1,0,0
147,0,2386.0,3,282,11,0,2815,0,291,한식,15,7,4,0,4,747,0,0,0,0,0,1,0
251,0,2269.0,4,295,11,0,2815,0,59,한식,16,8,5,0,5,616,0,0,0,0,0,1,0
118,0,2467.0,0,230,11,0,2815,0,416,한식,19,7,1,0,5,1124,0,0,0,0,0,1,0
70,0,2467.0,1,278,11,0,2815,0,344,한식,20,6,2,0,4,740,0,0,0,0,0,1,0
81,0,2444.0,2,290,11,0,2815,0,0,일식,21,2,3,0,4,832,0,0,0,0,1,0,0
80,0,2448.0,3,287,11,0,2815,0,325,한식,22,5,4,0,4,718,0,0,0,1,0,0,0
222,0,2288.0,4,305,11,0,2815,0,57,한식,23,8,5,0,4,527,0,0,0,0,0,1,0
107,0,2493.0,0,215,11,0,2815,0,447,한식,26,5,1,0,4,1077,0,0,0,0,0,1,0
60,0,2491.0,1,264,11,0,2815,0,418,한식,27,8,2,0,4,839,0,0,0,0,0,1,0
69,0,2448.0,2,298,11,0,2815,0,1,한식,28,2,3,0,4,862,0,0,0,0,1,0,0
86,0,2436.0,3,293,11,0,2815,0,354,중식,29,7,4,0,4,794,0,0,0,1,0,0,0
196,0,2305.0,4,314,11,0,2815,0,60,한식,30,2,5,0,4,543,0,0,0,1,0,0,0
80,0,2579.0,0,187,12,0,2846,0,798,한식,3,6,1,0,4,1248,0,0,0,0,0,1,0
64,0,2536.0,1,246,12,0,2846,0,802,중식,4,5,2,0,3,911,0,0,0,0,1,0,0
87,0,2505.0,2,254,12,0,2846,0,0,한식,5,8,3,0,4,885,0,0,0,0,0,1,0
90,0,2490.0,3,266,12,0,2846,0,589,한식,6,9,4,0,4,765,0,0,0,0,0,1,0
182,0,2364.0,4,300,12,0,2846,0,83,한식,7,8,5,0,4,674,1,0,0,0,0,0,0
98,0,2544.0,0,204,12,0,2846,0,863,한식,10,7,1,0,4,1201,0,0,0,0,0,1,0
69,0,2527.0,1,250,12,0,2846,0,716,한식,11,7,2,0,4,883,0,1,0,0,0,0,0
75,0,2509.0,2,262,12,0,2846,0,0,한식,12,2,3,0,4,788,0,0,0,0,1,0,0
65,0,2528.0,3,253,12,0,2846,0,652,중식,13,7,4,0,5,765,0,1,0,0,0,0,0
160,0,2409.0,4,277,12,0,2846,0,113,양식,14,1,5,0,5,664,0,0,0,0,0,0,1
90,0,2555.0,0,201,12,0,2846,0,602,한식,17,8,1,0,4,1170,0,0,0,0,0,1,0
87,0,2516.0,1,243,12,0,2846,0,525,한식,18,5,2,0,4,813,0,0,0,1,0,0,0
86,0,2504.0,2,256,12,0,2846,0,0,중식,19,2,3,0,4,710,0,0,0,1,0,0,0
106,0,2498.0,3,242,12,0,2846,0,235,한식,20,7,4,0,4,784,0,1,0,0,0,0,0
175,0,2410.0,4,261,12,0,2846,0,163,한식,21,2,5,0,3,456,1,0,0,0,0,0,0
894,0,1793.0,0,159,12,1,2846,1,26,한식,24,9,1,0,4,296,0,0,0,0,0,0,1
184,1,2421.0,2,241,12,0,2846,0,0,한식,26,7,3,0,4,695,0,0,0,0,0,1,0
182,0,2411.0,3,253,12,0,2846,0,132,한식,27,2,4,0,4,517,0,0,0,0,0,1,0
315,0,2267.0,4,264,12,0,2846,0,18,한식,28,8,5,0,4,491,0,0,0,0,0,1,0
1085,0,1629.0,0,132,12,1,2846,1,28,한식,31,8,1,0,4,332,0,0,0,0,0,1,0
108,1,2748.0,2,129,1,0,2985,0,0,한식,2,8,3,0,4,1201,0,1,0,0,0,0,0
120,0,2658.0,3,207,1,0,2985,0,444,한식,3,5,4,0,3,858,0,1,0,0,0,0,0
218,0,2533.0,4,234,1,0,2985,0,65,한식,4,8,5,0,4,668,0,0,0,0,0,1,0
113,0,2661.0,0,211,1,0,2985,0,439,한식,7,8,1,0,4,1072,0,0,0,0,0,1,0
98,0,2664.0,1,223,1,0,2985,0,444,양식,8,1,2,0,4,839,0,0,0,0,0,0,1
85,0,2675.0,2,225,1,0,2985,0,0,한식,9,5,3,0,4,778,0,0,0,0,1,0,0
94,0,2648.0,3,243,1,0,2985,0,363,중식,10,7,4,0,3,767,0,0,0,1,0,0,0
177,0,2557.0,4,251,1,0,2985,0,1,중식,11,3,5,0,5,627,0,0,0,0,0,1,0
99,0,2700.0,0,186,1,0,2985,0,487,한식,14,7,1,0,5,1163,0,0,0,0,0,1,0
71,0,2691.0,1,223,1,0,2985,0,417,한식,15,7,2,0,5,963,0,1,0,0,0,0,0
80,0,2677.0,2,228,1,0,2985,0,0,중식,16,6,3,0,4,1021,1,0,0,0,0,0,0
71,0,2667.0,3,247,1,0,2985,0,326,한식,17,6,4,0,4,837,0,0,0,0,0,1,0
196,0,2513.0,4,276,1,0,2985,0,1,한식,18,5,5,0,4,585,0,0,0,0,1,0,0
114,0,2672.0,0,199,1,0,2985,0,468,한식,21,8,1,0,4,1270,0,0,0,0,0,1,0
73,0,2682.0,1,230,1,0,2985,0,436,한식,22,5,2,0,4,889,0,0,0,1,0,0,0
86,0,2675.0,2,224,1,0,2985,0,0,일식,23,2,3,0,4,958,0,0,0,0,1,0,0
91,0,2653.0,3,241,1,0,2985,0,401,중식,24,7,4,0,4,827,0,0,0,1,0,0,0
186,0,2532.0,4,267,1,0,2985,0,1,한식,25,8,5,0,4,667,0,0,0,0,0,1,0
94,0,2688.0,0,203,1,0,2985,0,426,한식,28,7,1,0,4,1140,0,0,0,0,0,1,0
61,0,2705.0,1,219,1,0,2985,0,385,한식,29,5,2,0,4,968,0,0,0,0,1,0,0
66,0,2693.0,2,226,1,0,2985,0,1,일식,30,2,3,0,4,679,0,0,0,0,1,0,0
96,0,2671.0,3,218,1,0,2985,0,325,한식,31,2,4,0,4,765,0,0,0,0,0,0,1
283,0,2343.0,4,180,2,1,2806,1,2,중식,1,7,5,0,4,804,0,1,0,0,0,0,0
392,1,2313.0,3,101,2,0,2806,1,447,한식,7,9,4,0,4,1144,0,0,0,0,0,0,1
373,0,2243.0,4,190,2,0,2806,0,3,한식,8,7,5,0,5,970,0,0,0,0,0,1,0
67,0,2580.0,0,159,2,0,2806,0,758,한식,11,8,1,0,5,1459,0,0,0,0,0,1,0
51,0,2515.0,1,240,2,0,2806,0,648,한식,12,7,2,0,4,1102,1,0,0,0,0,0,0
61,0,2514.0,2,231,2,0,2806,0,0,한식,13,3,3,0,4,1044,1,0,0,0,0,0,0
73,0,2494.0,3,239,2,0,2806,0,605,한식,14,4,4,0,5,963,0,0,0,0,0,0,1
159,0,2369.0,4,278,2,0,2806,0,1,한식,15,2,5,0,4,682,0,0,0,0,0,1,0
104,0,2507.0,0,195,2,0,2806,0,728,양식,18,1,1,0,4,1314,0,0,0,0,0,0,1
62,0,2516.0,1,228,2,0,2806,0,663,한식,19,2,2,0,3,1052,0,0,0,0,0,0,1
65,0,2500.0,2,241,2,0,2806,0,0,한식,20,5,3,0,4,1005,0,0,0,0,1,0,0
81,0,2456.0,3,269,2,0,2806,0,540,한식,21,7,4,0,4,955,0,1,0,0,0,0,0
178,0,2327.0,4,301,2,0,2806,0,1,한식,22,8,5,0,4,631,0,0,0,0,0,1,0
122,0,2470.0,0,214,2,0,2806,0,752,한식,25,8,1,0,4,1299,0,0,0,0,0,1,0
109,0,2458.0,1,239,2,0,2806,0,644,한식,26,1,2,0,3,924,1,0,0,0,0,0,0
100,0,2432.0,2,274,2,0,2806,0,0,한식,27,2,3,0,4,944,0,0,0,0,1,0,0
254,0,2281.0,3,271,2,1,2806,1,116,한식,28,7,4,0,4,772,0,1,0,0,0,0,0
213,1,2451.0,0,172,3,0,2836,1,708,한식,4,8,1,0,4,1274,0,0,0,0,0,1,0
67,0,2539.0,1,230,3,0,2836,0,736,중식,5,3,2,0,3,940,0,0,0,0,0,1,0
56,0,2542.0,2,238,3,0,2836,0,0,한식,6,2,3,0,4,1061,0,0,0,0,1,0,0
45,0,2526.0,3,265,3,0,2836,0,589,한식,7,6,4,0,5,845,0,0,0,0,0,1,0
130,0,2406.0,4,300,3,0,2836,0,4,한식,8,2,5,0,3,663,0,0,0,1,0,0,0
81,0,2550.0,0,205,3,0,2836,0,690,한식,11,8,1,0,5,1277,0,0,0,0,0,1,0
59,0,2533.0,1,244,3,0,2836,0,642,한식,12,5,2,0,4,956,0,1,0,0,0,0,0
61,0,2531.0,2,244,3,0,2836,0,0,일식,13,3,3,0,4,953,0,0,0,0,0,0,1
62,0,2488.0,3,286,3,0,2836,0,417,한식,14,2,4,0,4,791,0,0,0,0,0,0,1
174,0,2358.0,4,304,3,0,2836,0,4,한식,15,7,5,0,4,630,0,1,0,0,0,0,0
107,0,2512.0,0,217,3,0,2836,0,607,한식,18,8,1,0,4,1261,0,0,0,0,0,1,0
72,0,2516.0,1,248,3,0,2836,0,553,중식,19,7,2,0,4,990,0,1,0,0,0,0,0
77,0,2498.0,2,261,3,0,2836,0,0,중식,20,3,3,0,4,970,0,0,1,0,0,0,0
81,0,2495.0,3,260,3,0,2836,0,457,한식,21,8,4,0,4,1214,0,1,0,0,0,0,0
168,0,2373.0,4,295,3,0,2836,0,3,한식,22,7,5,0,4,567,0,0,0,0,0,1,0
111,0,2493.0,0,232,3,0,2836,0,585,한식,25,8,1,0,5,1150,1,0,0,0,0,0,0
83,0,2501.0,1,252,3,0,2836,0,525,한식,26,7,2,0,4,919,0,0,0,0,0,1,0
92,0,2485.0,2,259,3,0,2836,0,0,한식,27,7,3,0,4,856,0,0,0,0,1,0,0
84,0,2470.0,3,282,3,0,2836,0,522,한식,28,7,4,0,5,810,0,1,0,0,0,0,0
239,0,2296.0,4,301,3,0,2836,0,1,양식,29,1,5,0,5,481,1,0,0,0,0,0,0
126,0,2499.0,0,197,4,0,2822,0,611,한식,1,8,1,0,5,1029,0,0,0,0,0,1,0
67,0,2502.0,1,253,4,0,2822,0,514,한식,2,2,2,0,4,855,0,0,0,0,0,1,0
59,0,2480.0,2,283,4,0,2822,0,0,한식,3,3,3,0,4,790,0,1,0,0,0,0,0
60,0,2474.0,3,288,4,0,2822,0,429,한식,4,5,4,0,4,745,0,1,0,0,0,0,0
185,0,2334.0,4,303,4,0,2822,0,1,한식,5,8,5,0,4,575,0,0,0,0,0,1,0
104,0,2496.0,0,222,4,0,2822,0,592,한식,8,7,1,0,4,1105,0,0,0,0,0,1,0
69,0,2514.0,1,239,4,0,2822,0,578,한식,9,6,2,0,4,876,0,0,0,0,0,1,0
64,0,2513.0,2,245,4,0,2822,0,0,한식,10,2,3,0,4,789,0,0,0,0,1,0,0
52,0,2522.0,3,248,4,0,2822,0,434,일식,11,1,4,0,4,845,0,0,0,0,1,0,0
155,0,2379.0,4,288,4,0,2822,0,0,한식,12,5,5,0,4,553,0,0,0,0,0,0,1
113,0,2531.0,0,178,4,0,2822,0,609,한식,15,8,1,0,5,1184,0,0,0,0,0,1,0
54,0,2534.0,1,234,4,0,2822,0,552,한식,16,5,2,0,4,905,0,0,0,1,0,0,0
57,0,2502.0,2,263,4,0,2822,0,0,한식,17,2,3,0,4,910,0,0,0,0,0,1,0
76,0,2465.0,3,281,4,0,2822,0,458,한식,18,1,4,0,4,767,1,0,0,0,0,0,0
230,0,2298.0,4,294,4,0,2822,0,1,중식,19,7,5,0,4,683,0,0,0,1,0,0,0
109,0,2460.0,0,253,4,0,2822,0,533,한식,22,7,1,0,4,1094,0,0,0,0,0,1,0
60,0,2490.0,1,272,4,0,2822,0,576,한식,23,8,2,0,4,886,1,0,0,0,0,0,0
59,0,2490.0,2,273,4,0,2822,0,0,일식,24,8,3,0,4,1034,0,0,0,0,0,1,0
85,0,2443.0,3,294,4,0,2822,0,452,한식,25,2,4,0,4,702,0,0,0,1,0,0,0
215,0,2310.0,4,297,4,0,2822,0,0,한식,26,7,5,0,4,572,0,0,0,0,1,0,0
152,0,2418.0,0,252,4,0,2822,0,544,한식,29,8,1,0,4,1207,0,0,0,0,0,1,0
152,0,2372.0,1,298,4,0,2822,0,290,한식,30,2,2,0,3,714,0,0,0,0,0,1,0
247,0,2275.0,3,303,5,0,2825,0,384,한식,2,5,4,0,4,758,0,1,0,0,0,0,0
348,0,2201.0,4,276,5,1,2825,1,1,한식,3,4,5,0,4,654,0,0,0,0,0,0,1
135,1,2419.0,1,271,5,0,2825,1,606,한식,7,9,2,0,5,1221,0,0,0,0,0,0,1
81,0,2448.0,2,296,5,0,2825,0,0,한식,8,5,3,0,4,881,0,0,0,0,1,0,0
92,0,2447.0,3,286,5,0,2825,0,538,한식,9,7,4,0,4,958,0,1,0,0,0,0,0
166,0,2357.0,4,302,5,0,2825,0,0,한식,10,8,5,0,4,607,1,0,0,0,0,0,0
119,0,2475.0,0,231,5,0,2825,0,599,한식,13,7,1,0,4,1111,0,0,0,0,0,1,0
76,0,2493.0,1,256,5,0,2825,0,601,한식,14,2,2,0,3,907,0,0,0,0,0,1,0
69,0,2472.0,2,284,5,0,2825,0,0,한식,15,5,3,0,4,888,0,0,0,0,1,0,0
72,0,2470.0,3,283,5,0,2825,0,482,한식,16,7,4,0,4,790,0,1,0,0,0,0,0
224,0,2310.0,4,291,5,0,2825,0,1,중식,17,2,5,0,4,408,0,0,0,1,0,0,0
100,0,2502.0,0,223,5,0,2825,0,602,한식,20,8,1,0,4,1174,0,0,0,0,0,1,0
64,0,2482.0,1,279,5,0,2825,0,563,한식,21,5,2,0,4,844,0,0,0,0,0,0,1
60,0,2493.0,2,272,5,0,2825,0,0,한식,22,4,3,0,5,831,0,0,0,0,0,0,1
61,0,2462.0,3,302,5,0,2825,0,447,한식,23,2,4,0,3,658,0,0,0,0,1,0,0
193,0,2325.0,4,307,5,0,2825,0,0,한식,24,3,5,0,4,508,0,0,0,0,0,0,1
86,0,2527.0,0,212,5,0,2825,0,644,한식,27,8,1,0,5,1219,0,0,0,0,0,1,0
54,0,2542.0,1,229,5,0,2825,0,632,한식,28,5,2,0,5,931,0,1,0,0,0,0,0
50,0,2538.0,2,237,5,0,2825,0,0,일식,29,1,3,0,4,896,0,0,0,0,1,0,0
73,0,2494.0,3,258,5,0,2825,0,517,한식,30,2,4,0,3,836,0,0,0,0,0,0,1
179,0,2355.0,4,291,5,0,2825,0,0,양식,31,1,5,0,4,640,0,0,0,0,0,0,1
87,0,2446.0,0,225,6,0,2758,0,702,한식,3,8,1,0,4,1221,0,0,0,0,0,1,0
65,0,2442.0,1,251,6,0,2758,0,592,한식,4,7,2,0,4,962,0,1,0,0,0,0,0
144,0,2367.0,2,247,6,1,2758,0,0,한식,5,2,3,0,4,761,1,0,0,0,0,0,0
890,1,1649.0,4,219,6,0,2758,1,3,한식,7,8,5,0,4,389,0,0,0,0,0,1,0
114,0,2408.0,0,236,6,0,2758,0,673,한식,10,8,1,0,5,1232,0,0,0,0,0,1,0
55,0,2436.0,1,267,6,0,2758,0,624,한식,11,2,2,0,4,804,0,0,0,0,0,1,0
60,0,2420.0,2,278,6,0,2758,0,0,중식,12,3,3,0,4,876,0,0,0,1,0,0,0
65,0,2405.0,3,288,6,0,2758,0,507,한식,13,5,4,0,4,679,0,0,0,1,0,0,0
193,0,2270.0,4,295,6,0,2758,0,4,중식,14,7,5,0,4,538,0,0,0,1,0,0,0
95,0,2423.0,0,240,6,0,2758,0,640,한식,17,7,1,0,4,1099,0,0,0,0,0,1,0
65,0,2429.0,1,264,6,0,2758,0,558,한식,18,7,2,0,5,853,0,1,0,0,0,0,0
78,0,2420.0,2,260,6,0,2758,0,0,중식,19,5,3,0,4,882,0,0,0,0,1,0,0
90,0,2377.0,3,291,6,0,2758,0,444,한식,20,6,4,0,4,625,0,0,0,0,0,1,0
188,0,2276.0,4,294,6,0,2758,0,0,한식,21,8,5,0,4,505,1,0,0,0,0,0,0
101,0,2444.0,0,213,6,0,2758,0,692,한식,24,8,1,0,5,1105,0,0,0,0,0,1,0
67,0,2426.0,1,265,6,0,2758,0,573,한식,25,7,2,0,4,775,1,0,0,0,0,0,0
69,0,2407.0,2,282,6,0,2758,0,0,일식,26,3,3,0,4,946,0,0,0,0,0,0,1
85,0,2393.0,3,280,6,0,2758,0,478,한식,27,5,4,0,3,808,0,0,0,0,1,0,0
229,0,2241.0,4,288,6,0,2758,0,2,한식,28,5,5,0,4,535,0,0,0,0,1,0,0
115,0,2427.0,0,218,7,0,2760,0,512,양식,1,1,1,0,4,1175,0,0,0,0,0,0,1
87,0,2436.0,1,237,7,0,2760,0,490,한식,2,6,2,0,4,787,0,0,0,0,0,1,0
82,0,2413.0,2,265,7,0,2760,0,0,중식,3,5,3,0,4,910,0,0,0,0,1,0,0
95,0,2356.0,3,309,7,0,2760,0,434,한식,4,8,4,0,4,699,0,0,0,0,0,1,0
210,0,2261.0,4,289,7,0,2760,0,0,한식,5,9,5,0,4,546,0,0,0,0,0,0,1
155,0,2328.0,0,277,7,0,2760,0,536,한식,8,8,1,0,5,985,0,0,0,0,0,1,0
75,0,2410.0,1,275,7,0,2760,0,466,한식,9,5,2,0,4,861,0,0,0,1,0,0,0
123,0,2351.0,2,286,7,0,2760,0,0,중식,10,7,3,0,4,862,0,0,0,0,1,0,0
102,0,2357.0,3,301,7,0,2760,0,371,한식,11,7,4,0,4,730,0,1,0,0,0,0,0
244,0,2210.0,4,306,7,0,2760,0,0,특식,12,3,5,0,6,856,0,0,0,1,0,0,0
144,0,2384.0,0,232,7,0,2760,0,396,한식,15,7,1,0,3,1127,0,0,0,0,0,1,0
100,0,2433.0,1,227,7,0,2760,0,426,한식,16,5,2,0,5,952,0,0,0,0,0,1,0
96,0,2405.0,2,259,7,0,2760,0,0,한식,17,3,3,0,4,814,0,0,1,0,0,0,0
113,0,2373.0,3,274,7,0,2760,0,310,한식,18,4,4,0,4,734,0,0,0,0,0,0,1
236,0,2233.0,4,291,7,0,2760,0,0,한식,19,2,5,0,3,538,0,0,0,0,0,0,1
223,0,2319.0,0,218,7,0,2760,0,438,한식,22,8,1,0,5,1013,0,0,0,0,0,1,0
206,0,2308.0,1,246,7,0,2760,0,449,한식,23,7,2,0,4,855,0,1,0,0,0,0,0
224,0,2284.0,2,252,7,0,2760,0,0,일식,24,3,3,0,4,744,0,0,0,0,1,0,0
276,0,2205.0,3,279,7,0,2760,0,347,중식,25,5,4,0,3,668,0,0,0,0,1,0,0
396,0,2084.0,4,280,7,0,2760,0,1,양식,26,1,5,0,4,462,0,0,0,0,0,0,1
475,0,2102.0,0,183,7,0,2760,0,424,한식,29,7,1,0,4,898,0,0,0,0,0,1,0
434,0,2113.0,1,213,7,0,2760,0,382,한식,30,6,2,0,4,745,0,0,0,0,1,0,0
495,0,2034.0,2,231,7,0,2760,0,0,한식,31,2,3,0,4,619,0,0,0,1,0,0,0
546,0,2540.0,3,219,8,0,3305,0,285,한식,1,5,4,0,4,648,0,0,0,1,0,0,0
687,0,2381.0,4,237,8,0,3305,0,2,한식,2,1,5,0,4,440,1,0,0,0,0,0,0
462,0,2660.0,0,183,8,0,3305,0,392,한식,5,5,1,0,4,936,0,0,0,0,0,1,0
427,0,2675.0,1,203,8,0,3305,0,392,한식,6,8,2,0,4,798,0,0,0,0,0,1,0
421,0,2651.0,2,233,8,0,3305,0,1,중식,7,3,3,0,4,841,0,0,0,0,0,1,0
430,0,2621.0,3,254,8,0,3305,0,364,한식,8,7,4,0,4,781,0,1,0,0,0,0,0
496,0,2548.0,4,261,8,0,3305,0,3,한식,9,6,5,0,3,641,0,0,0,0,0,1,0
394,0,2703.0,0,208,8,0,3305,0,424,한식,12,8,1,0,4,1073,0,0,0,0,0,1,0
345,0,2706.0,1,254,8,0,3305,0,411,한식,13,8,2,0,5,813,0,0,0,0,0,1,0
430,0,2629.0,2,246,8,1,3305,0,2,중식,14,5,3,0,4,713,0,0,0,0,1,0,0
1026,1,2071.0,4,208,8,0,3305,1,7,한식,16,8,5,0,3,466,1,0,0,0,0,0,0
264,0,2829.0,0,212,8,0,3305,0,569,한식,19,7,1,0,4,1249,0,0,0,0,0,1,0
205,0,2845.0,1,255,8,0,3305,0,534,한식,20,5,2,0,3,955,0,0,0,0,1,0,0
214,0,2826.0,2,265,8,0,3305,0,0,한식,21,2,3,0,4,923,0,0,0,0,1,0,0
178,0,2852.0,3,275,8,0,3305,0,468,중식,22,6,4,0,3,880,1,0,0,0,0,0,0
268,0,2742.0,4,295,8,0,3305,0,2,한식,23,4,5,0,4,599,0,0,0,0,0,0,1
162,0,2913.0,0,230,8,0,3305,0,596,양식,26,1,1,0,5,1221,0,0,0,0,0,0,1
118,0,2921.0,1,266,8,0,3305,0,550,한식,27,8,2,0,4,921,0,0,0,0,0,1,0
123,0,2908.0,2,274,8,0,3305,0,0,일식,28,5,3,0,4,899,0,0,0,0,1,0,0
132,0,2884.0,3,289,8,0,3305,0,435,한식,29,9,4,0,4,845,0,0,0,0,0,0,1
253,0,2747.0,4,305,8,0,3305,0,1,한식,30,2,5,0,4,575,0,0,0,0,0,0,1
137,0,2761.0,0,213,9,0,3111,0,564,한식,2,7,1,0,4,1363,0,0,0,0,0,1,0
103,0,2754.0,1,254,9,0,3111,0,460,한식,3,8,2,0,3,944,1,0,0,0,0,0,0
102,0,2739.0,2,270,9,0,3111,0,0,한식,4,3,3,0,4,769,0,0,0,0,0,0,1
118,0,2701.0,3,292,9,0,3111,0,391,한식,5,7,4,0,4,778,0,1,0,0,0,0,0
214,0,2596.0,4,301,9,0,3111,0,0,일식,6,1,5,0,4,687,0,0,0,0,1,0,0
148,0,2746.0,0,217,9,0,3111,0,523,한식,9,8,1,0,4,1228,0,0,0,0,0,1,0
142,0,2731.0,1,238,9,0,3111,0,401,중식,10,7,2,0,4,812,0,0,0,1,0,0,0
426,0,2550.0,2,135,9,1,3111,1,0,일식,11,2,3,0,4,916,0,0,0,0,1,0,0
259,1,2672.0,0,180,9,0,3111,1,631,한식,16,9,1,0,5,1283,0,0,0,0,0,1,0
75,0,2795.0,1,241,9,0,3111,0,606,한식,17,7,2,0,5,1010,0,0,0,0,0,1,0
71,0,2790.0,2,250,9,0,3111,0,0,한식,18,5,3,0,3,1006,0,0,0,0,1,0,0
80,0,2741.0,3,290,9,0,3111,0,441,한식,19,6,4,0,3,701,0,0,0,0,0,1,0
182,0,2627.0,4,302,9,0,3111,0,2,한식,20,3,5,0,4,662,0,0,0,0,0,0,1
114,0,2783.0,0,214,9,0,3111,0,569,한식,23,7,1,0,4,1239,0,0,0,0,0,1,0
71,0,2775.0,1,265,9,0,3111,0,631,한식,24,8,2,0,4,899,0,0,0,0,0,1,0
60,0,2766.0,2,285,9,0,3111,0,1,한식,25,7,3,0,4,803,0,0,0,0,1,0,0
75,0,2724.0,3,312,9,0,3111,0,542,한식,26,2,4,0,4,620,0,0,0,1,0,0,0
177,0,2625.0,4,309,9,0,3111,0,2,한식,27,8,5,0,5,722,0,0,0,0,0,1,0
283,0,2597.0,0,231,9,0,3111,0,366,한식,30,8,1,0,4,1030,0,0,0,0,0,1,0
244,0,2660.0,2,217,10,1,3121,0,310,한식,2,5,3,0,4,1241,0,0,0,0,0,1,0
268,1,2622.0,4,231,10,0,3121,1,428,한식,4,8,5,0,4,1215,0,0,0,0,0,1,0
193,0,2713.0,0,215,10,0,3121,0,447,한식,7,7,1,0,4,1133,0,0,0,0,0,1,0
214,0,2645.0,1,262,10,1,3121,0,247,한식,8,5,2,0,5,883,0,0,0,0,1,0,0
284,1,2568.0,3,269,10,0,3121,0,398,한식,10,2,4,0,4,862,0,0,0,0,0,0,1
389,0,2447.0,4,285,10,0,3121,0,3,한식,11,7,5,0,4,566,0,1,0,0,0,0,0
152,0,2732.0,0,237,10,0,3121,0,529,한식,14,7,1,0,5,1140,0,0,0,0,0,1,0
112,0,2749.0,1,260,10,0,3121,0,534,한식,15,5,2,0,4,867,0,0,0,0,0,1,0
116,0,2727.0,2,278,10,0,3121,0,1,한식,16,7,3,0,4,765,0,0,0,0,1,0,0
144,0,2676.0,3,301,10,0,3121,0,364,한식,17,2,4,0,5,708,0,0,0,0,0,1,0
332,0,2489.0,4,300,10,0,3121,0,2,한식,18,8,5,0,4,581,1,0,0,0,0,0,0
168,0,2726.0,0,227,10,0,3121,0,709,한식,21,9,1,0,4,1107,0,0,0,0,0,1,0
99,0,2644.0,1,378,10,0,3121,0,381,한식,22,8,2,0,4,1090,0,0,0,0,0,1,0
89,0,2746.0,2,286,10,0,3121,0,2,중식,23,5,3,0,2,785,0,0,0,0,1,0,0
129,0,2679.0,3,313,10,0,3121,0,410,한식,24,7,4,0,5,705,0,1,0,0,0,0,0
316,0,2482.0,4,323,10,0,3121,0,1,일식,25,2,5,0,4,546,0,0,0,0,1,0,0
219,0,2635.0,0,267,10,0,3121,0,464,한식,28,7,1,0,3,915,0,0,0,0,0,1,0
112,0,2716.0,1,293,10,0,3121,0,477,한식,29,2,2,0,4,808,0,0,0,0,0,1,0
122,0,2705.0,2,294,10,0,3121,0,1,중식,30,5,3,0,4,771,0,0,0,0,1,0,0
130,0,2679.0,3,312,10,0,3121,0,430,중식,31,7,4,0,4,671,0,1,0,0,0,0,0
248,0,2529.0,4,327,11,0,3104,0,1,양식,1,3,5,0,4,586,0,0,1,0,0,0,0
155,0,2710.0,0,239,11,0,3104,0,538,한식,4,6,1,0,4,1058,0,0,0,0,0,1,0
86,0,2729.0,1,289,11,0,3104,0,541,한식,5,5,2,0,4,773,0,0,0,0,1,0,0
119,0,2690.0,2,295,11,0,3104,0,0,중식,6,3,3,0,4,773,0,0,0,0,0,1,0
133,0,2669.0,3,302,11,0,3104,0,424,한식,7,4,4,0,5,700,0,0,0,0,0,0,1
271,0,2524.0,4,309,11,0,3104,0,1,중식,8,7,5,0,4,535,0,0,0,1,0,0,0
150,0,2718.0,0,236,11,0,3104,0,568,한식,11,8,1,0,4,1079,0,0,0,0,0,1,0
106,0,2726.0,1,272,11,0,3104,0,481,한식,12,6,2,0,3,769,0,0,0,0,0,1,0
136,0,2678.0,2,290,11,0,3104,0,0,한식,13,7,3,0,4,733,0,0,0,0,1,0,0
188,0,2630.0,3,286,11,0,3104,0,453,한식,14,2,4,0,4,677,0,0,0,1,0,0,0
365,0,2436.0,4,303,11,0,3104,0,1,중식,15,5,5,0,5,543,0,0,1,0,0,0,0
183,0,2691.0,0,230,11,0,3104,0,672,한식,18,8,1,0,4,1032,1,0,0,0,0,0,0
139,0,2680.0,1,285,11,0,3104,0,562,중식,19,2,2,0,3,762,0,0,0,1,0,0,0
174,0,2642.0,2,288,11,0,3104,0,0,한식,20,5,3,0,4,759,0,0,0,0,1,0,0
188,0,2612.0,3,304,11,0,3104,0,480,중식,21,6,4,0,4,613,1,0,0,0,0,0,0
329,0,2465.0,4,310,11,0,3104,0,1,일식,22,2,5,0,4,551,0,0,0,0,1,0,0
170,0,2699.0,0,235,11,0,3104,0,733,한식,25,8,1,0,4,1097,0,0,0,0,0,1,0
129,0,2705.0,1,270,11,0,3104,0,634,중식,26,7,2,0,4,816,0,0,0,1,0,0,0
134,0,2682.0,2,288,11,0,3104,0,1,한식,27,3,3,0,4,732,0,0,0,0,0,0,1
167,0,2640.0,3,297,11,0,3104,0,558,한식,28,5,4,0,4,644,0,0,0,1,0,0,0
282,0,2496.0,4,326,11,0,3104,0,1,일식,29,3,5,0,4,572,0,0,0,0,1,0,0
169,0,2741.0,0,201,12,0,3111,0,748,한식,2,9,1,0,4,1140,0,0,0,0,0,0,1
115,0,2749.0,1,247,12,0,3111,0,789,한식,3,5,2,0,5,873,0,0,0,0,1,0,0
118,0,2736.0,2,257,12,0,3111,0,1,중식,4,2,3,0,4,879,0,0,0,0,1,0,0
145,0,2686.0,3,280,12,0,3111,0,549,한식,5,5,4,0,3,779,0,0,0,0,0,1,0
312,0,2500.0,4,299,12,0,3111,0,5,일식,6,1,5,0,4,631,0,0,0,0,1,0,0
190,0,2729.0,0,192,12,0,3111,0,819,한식,9,7,1,0,4,1120,0,0,0,0,0,1,0
155,0,2708.0,1,248,12,0,3111,0,800,중식,10,5,2,0,3,742,0,0,0,0,1,0,0
168,0,2678.0,2,265,12,0,3111,0,0,한식,11,3,3,0,4,858,0,0,0,0,0,0,1
190,0,2664.0,3,257,12,0,3111,0,586,한식,12,7,4,0,4,731,0,1,0,0,0,0,0
266,0,2535.0,4,310,12,0,3111,0,2,한식,13,5,5,0,4,639,0,1,0,0,0,0,0
206,0,2694.0,0,211,12,0,3111,0,709,한식,16,9,1,0,4,1103,0,0,0,0,0,1,0
155,0,2689.0,1,267,12,0,3111,0,613,한식,17,8,2,0,4,739,0,0,0,0,0,1,0
169,0,2659.0,2,283,12,0,3111,0,3,한식,18,8,3,0,4,683,0,0,0,0,0,1,0
165,0,2676.0,3,270,12,0,3111,0,591,한식,19,3,4,0,4,862,0,0,0,0,0,0,1
337,0,2513.0,4,261,12,0,3111,0,4,한식,20,5,5,0,4,481,0,1,0,0,0,0,0
343,0,2540.0,0,228,12,0,3111,0,131,한식,23,7,1,0,4,741,0,0,0,0,0,1,0
478,0,2417.0,1,216,12,1,3111,0,52,한식,24,5,2,0,5,462,0,0,0,0,1,0,0
538,1,2324.0,3,249,12,0,3111,0,151,한식,26,8,4,0,4,594,0,0,0,0,0,1,0
706,0,2169.0,4,236,12,0,3111,0,1,중식,27,7,5,0,4,387,0,0,0,1,0,0,0
563,0,2356.0,0,192,12,0,3111,0,98,한식,30,8,1,0,4,652,0,0,0,0,0,1,0
709,0,2253.0,1,149,12,1,3111,0,22,한식,31,5,2,0,4,349,0,0,0,1,0,0,0
255,1,2433.0,3,133,1,0,2821,0,338,한식,2,7,4,0,4,985,0,0,0,0,0,1,0
321,0,2314.0,4,186,1,0,2821,0,3,중식,3,2,5,0,4,635,0,0,0,1,0,0,0
119,0,2494.0,0,203,1,0,2821,0,424,한식,6,7,1,5,4,1133,0,0,0,0,0,1,0
95,0,2515.0,1,204,1,0,2821,0,448,한식,7,5,2,7,4,904,0,0,0,0,1,0,0
117,0,2477.0,2,222,1,0,2821,0,7,한식,8,7,3,5,4,740,0,0,0,0,1,0,0
124,0,2449.0,3,241,1,0,2821,0,426,한식,9,2,4,7,3,773,0,0,0,0,1,0,0
264,0,2292.0,4,262,1,0,2821,0,0,일식,10,3,5,3,4,573,0,0,0,0,0,0,1
141,0,2462.0,0,218,1,0,2821,0,526,한식,13,9,1,0,4,945,0,0,0,0,0,0,1
96,0,2489.0,1,236,1,0,2821,0,388,양식,14,1,2,0,4,820,0,0,0,0,0,0,1
97,0,2489.0,2,235,1,0,2821,0,4,한식,15,2,3,0,4,633,0,0,1,0,0,0,0
92,0,2485.0,3,244,1,0,2821,0,390,한식,16,5,4,0,4,761,0,1,0,0,0,0,0
242,0,2310.0,4,269,1,0,2821,0,0,양식,17,3,5,0,4,696,0,0,0,0,0,1,0
132,0,2490.0,0,199,1,0,2821,0,488,한식,20,5,1,0,4,1075,0,0,0,0,0,1,0
96,0,2488.0,1,237,1,0,2821,0,491,한식,21,7,2,0,5,868,0,1,0,0,0,0,0
130,0,2459.0,2,232,1,0,2821,0,5,일식,22,5,3,0,4,782,0,0,0,0,1,0,0
481,0,2199.0,3,141,1,1,2821,1,38,한식,23,7,4,0,4,685,0,1,0,0,0,0,0
284,1,2394.0,1,143,1,0,2821,1,670,한식,28,9,2,0,5,1042,0,0,0,0,0,1,0
101,0,2506.0,2,214,1,0,2821,0,4,한식,29,5,3,0,4,1197,0,0,0,0,1,0,0
76,0,2484.0,3,261,1,0,2821,0,482,한식,30,5,4,0,4,736,0,0,0,0,0,0,1
183,0,2373.0,4,265,1,0,2821,0,0,중식,31,2,5,0,4,623,0,0,0,0,1,0,0
101,0,2562.0,0,208,2,0,2872,0,537,한식,3,6,1,1,4,1081,0,0,0,0,0,1,0
72,0,2578.0,1,222,2,0,2872,0,471,한식,4,7,2,0,3,849,0,0,0,0,1,0,0
62,0,2595.0,2,215,2,0,2872,0,4,한식,5,8,3,0,4,660,0,0,0,0,0,1,0
90,0,2549.0,3,233,2,0,2872,0,426,중식,6,7,4,0,5,637,0,1,0,0,0,0,0
140,0,2485.0,4,247,2,0,2872,0,2,한식,7,2,5,0,4,539,0,0,0,0,0,0,1
65,0,2671.0,0,136,2,0,2872,0,617,한식,10,8,1,0,4,1233,0,0,0,0,0,1,0
52,0,2622.0,1,198,2,0,2872,0,748,중식,11,7,2,0,4,1075,0,0,0,1,0,0,0
65,0,2597.0,2,210,2,0,2872,0,5,일식,12,5,3,0,4,1173,1,0,0,0,0,0,0
71,0,2552.0,3,249,2,0,2872,0,620,한식,13,7,4,0,5,834,0,0,0,0,0,1,0
160,0,2439.0,4,273,2,0,2872,0,0,중식,14,2,5,0,5,776,0,0,0,0,1,0,0
74,0,2602.0,0,196,2,0,2872,0,722,한식,17,7,1,0,3,1370,0,0,0,0,0,1,0
47,0,2586.0,1,239,2,0,2872,0,666,한식,18,6,2,0,3,939,0,0,0,0,0,1,0
62,0,2586.0,2,224,2,0,2872,0,1,한식,19,3,3,0,4,930,0,0,0,1,0,0,0
78,0,2540.0,3,254,2,0,2872,0,549,한식,20,5,4,0,4,826,0,0,0,0,1,0,0
181,0,2414.0,4,277,2,0,2872,0,0,한식,21,8,5,0,4,627,0,0,0,0,0,1,0
144,0,2572.0,0,156,2,0,2872,0,846,한식,24,7,1,0,4,1282,0,0,0,0,0,1,0
117,0,2597.0,1,158,2,0,2872,0,806,한식,25,9,2,0,4,1238,0,0,0,0,0,0,1
109,0,2573.0,2,190,2,0,2872,0,4,한식,26,5,3,0,4,1105,0,0,0,0,1,0,0
121,0,2529.0,3,217,2,0,2872,0,667,한식,27,5,4,5,5,1000,0,0,0,0,0,1,0
210,0,2421.0,4,234,2,0,2872,0,0,한식,28,8,5,7,4,750,1,0,0,0,0,0,0
108,0,2695.0,0,133,3,0,2950,0,786,한식,2,8,1,14,4,1362,0,0,0,0,0,1,0
76,0,2677.0,1,185,3,0,2950,0,753,한식,3,2,2,12,3,1074,0,0,0,0,0,1,0
74,0,2652.0,2,205,3,0,2950,0,1,한식,4,2,3,19,4,999,0,0,0,0,0,0,1
84,0,2619.0,3,232,3,0,2950,0,612,한식,5,5,4,15,4,989,0,0,0,0,0,0,1
166,0,2521.0,4,251,3,0,2950,0,0,한식,6,7,5,12,5,642,0,0,0,0,0,1,0
91,0,2714.0,0,129,3,0,2950,0,784,한식,9,8,1,16,4,1276,0,0,0,0,0,1,0
67,0,2695.0,1,168,3,0,2950,0,678,한식,10,2,2,20,2,1019,1,0,0,0,0,0,0
74,0,2656.0,2,197,3,0,2950,0,0,일식,11,3,3,23,4,967,0,1,0,0,0,0,0
78,0,2612.0,3,243,3,0,2950,0,555,한식,12,2,4,17,4,804,0,1,0,0,0,0,0
165,0,2506.0,4,259,3,0,2950,0,0,한식,13,3,5,20,3,593,0,0,0,0,0,0,1
69,0,2722.0,0,138,3,0,2950,0,789,한식,16,7,1,21,5,1284,0,0,0,0,0,1,0
61,0,2698.0,1,171,3,0,2950,0,679,한식,17,8,2,20,5,914,0,0,0,0,0,1,0
47,0,2668.0,2,210,3,0,2950,0,0,중식,18,5,3,25,5,831,0,0,0,0,1,0,0
70,0,2626.0,3,235,3,0,2950,0,560,한식,19,5,4,19,4,829,0,0,0,0,0,1,0
176,0,2376.0,4,263,3,0,2950,0,3,한식,20,2,5,135,3,627,0,0,0,0,1,0,0
109,0,2378.0,0,178,3,0,2950,0,687,한식,23,9,1,285,4,1110,0,0,0,0,0,1,0
131,0,2379.0,1,137,3,0,2950,0,639,한식,24,2,2,303,3,1083,0,0,0,1,0,0,0
122,0,2379.0,2,146,3,0,2950,0,1,한식,25,7,3,303,4,1022,0,0,0,0,0,0,1
133,0,2396.0,3,133,3,0,2950,0,584,한식,26,7,4,288,4,955,0,0,0,0,0,1,0
254,0,2280.0,4,156,3,0,2950,0,0,한식,27,5,5,260,4,839,0,0,0,0,1,0,0
230,0,2179.0,0,53,3,0,2950,0,627,한식,30,6,1,488,4,1000,0,0,0,0,0,1,0
193,0,2181.0,1,43,3,0,2950,0,528,한식,31,5,2,533,4,859,0,1,0,0,0,0,0
228,0,2258.0,2,56,4,0,2962,0,0,한식,1,7,3,420,4,939,0,1,0,0,0,0,0
236,0,2242.0,3,89,4,0,2962,0,490,한식,2,7,4,395,3,1009,0,1,0,0,0,0,0
350,0,2123.0,4,149,4,0,2962,0,1,한식,3,3,5,340,3,802,0,0,0,0,1,0,0
206,0,2127.0,0,152,4,0,2962,0,713,한식,6,9,1,477,4,1161,0,0,0,0,0,1,0
164,0,2152.0,1,156,4,0,2962,0,698,중식,7,7,2,490,5,969,0,0,0,1,0,0,0
159,0,2152.0,2,172,4,0,2962,0,1,한식,8,5,3,479,4,1032,0,0,0,0,1,0,0
154,0,2134.0,3,186,4,0,2962,0,544,한식,9,8,4,488,4,880,0,0,0,0,0,1,0
316,0,2020.0,4,209,4,0,2962,0,0,일식,10,3,5,417,2,780,0,0,0,0,1,0,0
165,0,2204.0,0,146,4,0,2962,0,619,한식,13,5,1,447,4,1145,0,0,0,0,0,1,0
200,0,2101.0,1,176,4,1,2962,0,274,한식,14,8,2,485,4,879,0,0,0,0,0,0,1
265,1,2068.0,3,182,4,0,2962,0,498,한식,16,8,4,447,6,947,0,0,0,0,0,0,1
325,0,2027.0,4,221,4,0,2962,0,3,한식,17,3,5,389,3,759,0,0,0,0,0,1,0
145,0,2203.0,0,143,4,0,2962,0,624,한식,20,8,1,471,5,1089,0,0,0,0,0,1,0
126,0,2215.0,1,171,4,0,2962,0,700,한식,21,7,2,450,2,911,1,0,0,0,0,0,0
132,0,2183.0,2,204,4,0,2962,0,2,한식,22,5,3,443,3,945,0,0,0,0,0,1,0
107,0,2167.0,3,251,4,0,2962,0,518,일식,23,1,4,437,5,880,0,0,0,0,1,0,0
232,0,2076.0,4,267,4,0,2962,0,1,한식,24,5,5,387,5,639,0,0,0,0,0,1,0
125,0,2227.0,0,192,4,0,2962,0,706,한식,27,3,1,418,3,1223,0,0,0,0,0,0,1
118,0,2211.0,1,223,4,0,2962,0,493,한식,28,3,2,410,5,824,0,0,0,0,0,0,1
221,0,2095.0,2,250,4,1,2962,0,0,중식,29,6,3,396,2,680,0,0,0,0,0,0,1
1113,0,1543.0,0,117,5,1,2962,1,91,한식,4,7,1,189,4,504,0,0,0,0,0,0,1
104,1,2390.0,2,177,5,0,2962,0,2,한식,6,2,3,291,3,1254,0,0,0,0,0,0,1
76,0,2365.0,3,236,5,0,2962,0,577,일식,7,3,4,285,2,959,0,0,0,0,1,0,0
153,0,2298.0,4,265,5,0,2962,0,0,한식,8,2,5,246,4,620,0,1,0,0,0,0,0
94,0,2428.0,0,195,5,0,2962,0,659,한식,11,7,1,245,4,1249,0,0,1,0,0,0,0
67,0,2415.0,1,230,5,0,2962,0,690,한식,12,8,2,250,2,968,0,1,0,0,0,0,0
68,0,2416.0,2,242,5,0,2962,0,0,한식,13,4,3,236,3,844,0,0,0,0,0,0,1
71,0,2398.0,3,281,5,0,2962,0,488,한식,14,8,4,212,4,793,0,0,0,0,0,1,0
161,0,2304.0,4,296,5,0,2962,0,0,일식,15,2,5,201,4,614,0,0,0,0,1,0,0
96,0,2397.0,0,223,5,0,2962,0,701,한식,18,7,1,246,4,1141,0,0,0,0,0,1,0
78,0,2412.0,1,235,5,0,2962,0,617,한식,19,5,2,237,4,935,0,0,0,1,0,0,0
71,0,2390.0,2,243,5,0,2962,0,0,중식,20,7,3,258,4,791,0,0,0,1,0,0,0
63,0,2412.0,3,269,5,0,2962,0,474,한식,21,6,4,218,3,653,0,0,0,0,0,1,0
226,0,2253.0,4,277,5,0,2962,0,0,일식,22,3,5,206,4,512,0,0,1,0,0,0,0
98,0,2429.0,0,206,5,0,2962,0,732,한식,25,8,1,229,4,1062,0,0,0,0,0,1,0
70,0,2472.0,1,220,5,0,2962,0,649,중식,26,3,2,200,4,781,0,0,0,0,0,1,0
65,0,2428.0,2,234,5,0,2962,0,2,한식,27,2,3,235,4,704,0,0,0,0,0,0,1
66,0,2414.0,3,270,5,0,2962,0,431,한식,28,2,4,212,4,662,0,0,0,0,0,1,0
236,0,2240.0,4,284,5,0,2962,0,1,중식,29,5,5,202,4,450,0,0,0,0,1,0,0
109,0,2447.0,0,185,6,0,2956,0,612,한식,1,5,1,215,3,1114,0,0,0,0,0,1,0
64,0,2448.0,1,231,6,0,2956,0,605,한식,2,7,2,213,4,761,0,0,0,0,0,1,0
63,0,2451.0,2,251,6,0,2956,0,0,중식,3,7,3,191,4,693,0,0,0,0,1,0,0
71,0,2393.0,3,284,6,0,2956,0,403,한식,4,8,4,208,3,657,1,0,0,0,0,0,0
233,0,2256.0,4,291,6,0,2956,0,0,중식,5,2,5,176,2,505,0,0,0,0,0,0,1
121,0,2398.0,0,236,6,0,2956,0,566,한식,8,8,1,201,5,1130,0,0,0,0,0,1,0
68,0,2458.0,1,253,6,0,2956,0,519,한식,9,5,2,177,4,823,0,0,0,1,0,0,0
75,0,2432.0,2,248,6,0,2956,0,4,한식,10,5,3,201,4,719,0,0,0,0,1,0,0
82,0,2422.0,3,280,6,0,2956,0,399,한식,11,2,4,172,3,682,0,0,0,0,0,0,1
204,0,2274.0,4,303,6,0,2956,0,2,중식,12,3,5,175,4,516,0,0,0,0,1,0,0
71,0,2521.0,2,252,7,0,2997,0,9,한식,1,7,3,153,2,866,0,1,0,0,0,0,0
82,0,2495.0,3,268,7,0,2997,0,446,한식,2,3,4,152,3,675,0,0,1,0,0,0,0
261,0,2291.0,4,288,7,0,2997,0,1,일식,3,3,5,157,5,607,0,0,0,0,0,0,1
126,0,2479.0,0,220,7,0,2997,0,626,한식,6,5,1,172,3,1132,0,0,0,0,0,1,0
77,0,2526.0,1,242,7,0,2997,0,575,한식,7,9,2,152,4,917,0,0,0,0,0,1,0
77,0,2511.0,2,251,7,0,2997,0,7,한식,8,2,3,158,3,847,0,0,1,0,0,0,0
99,0,2449.0,3,290,7,0,2997,0,449,한식,9,5,4,159,4,717,0,0,0,1,0,0,0
233,0,2339.0,4,290,7,0,2997,0,0,한식,10,7,5,135,4,611,0,0,0,0,0,1,0
118,0,2506.0,0,225,7,0,2997,0,632,중식,13,5,1,148,4,1260,0,0,0,0,1,0,0
80,0,2550.0,1,224,7,0,2997,0,561,한식,14,6,2,143,5,814,0,0,0,0,0,1,0
80,0,2486.0,2,248,7,0,2997,0,4,한식,15,3,3,183,4,842,0,0,0,0,0,0,1
102,0,2455.0,3,274,7,0,2997,0,411,한식,16,2,4,166,6,971,0,0,0,0,0,1,0
249,0,2309.0,4,291,7,0,2997,0,2,일식,17,1,5,148,2,656,0,0,0,0,1,0,0
157,0,2480.0,0,220,7,0,2997,0,518,한식,20,7,1,140,4,1190,0,0,0,0,0,1,0
138,0,2508.0,1,222,7,0,2997,0,519,한식,21,3,2,129,3,861,0,0,1,0,0,0,0
165,0,2433.0,2,250,7,0,2997,0,9,한식,22,9,3,149,4,823,0,0,0,0,0,1,0
156,0,2433.0,3,274,7,0,2997,0,377,한식,23,5,4,134,3,758,0,0,0,0,1,0,0
344,0,2257.0,4,281,7,0,2997,0,0,한식,24,8,5,115,4,450,0,0,0,0,0,1,0
271,0,2424.0,0,182,7,0,2997,0,728,한식,27,5,1,120,5,1118,0,1,0,0,0,0,0
252,0,2382.0,1,213,7,0,2997,0,565,한식,28,7,2,150,4,873,0,0,0,0,0,0,1
256,0,2358.0,2,233,7,0,2997,0,11,한식,29,7,3,150,4,871,0,1,0,0,0,0,0
346,0,2279.0,3,242,7,0,2997,0,395,한식,30,3,4,130,4,704,0,0,0,0,1,0,0
496,0,2115.0,4,261,7,0,2997,0,0,일식,31,2,5,125,3,477,0,0,0,0,1,0,0
494,0,2225.0,0,155,8,0,2989,0,446,한식,3,9,1,115,4,1033,0,0,0,0,0,1,0
464,0,2238.0,1,172,8,0,2989,0,463,한식,4,7,2,115,4,776,0,1,0,0,0,0,0
490,0,2202.0,2,182,8,0,2989,0,7,한식,5,6,3,115,4,720,0,0,0,0,1,0,0
482,0,2180.0,3,218,8,0,2989,0,364,한식,6,8,4,109,5,763,0,0,0,0,0,1,0
605,0,2003.0,4,239,8,0,2989,0,1,한식,7,5,5,142,4,476,0,0,0,0,0,0,1
476,0,2227.0,0,191,8,0,2989,0,548,일식,10,2,1,95,3,1011,0,0,0,0,1,0,0
456,0,2243.0,1,188,8,0,2989,0,465,한식,11,8,2,102,4,805,0,0,0,0,0,1,0
449,0,2216.0,2,213,8,0,2989,0,12,한식,12,2,3,111,5,701,0,0,0,0,0,1,0
504,0,2128.0,3,245,8,0,2989,0,353,한식,13,7,4,112,4,594,0,0,0,0,0,0,1
644,0,1973.0,4,256,8,1,2989,1,1,한식,14,5,5,116,5,477,0,0,0,0,1,0,0
469,1,2220.0,1,195,8,0,2989,1,534,한식,18,5,2,105,4,971,0,0,0,0,0,1,0
420,0,2216.0,2,227,8,0,2989,0,10,한식,19,2,3,126,3,801,0,0,0,0,0,1,0
390,0,2242.0,3,232,8,0,2989,0,477,한식,20,9,4,125,4,749,0,0,0,0,0,1,0
497,0,2094.0,4,249,8,0,2989,0,0,한식,21,7,5,149,5,514,1,0,0,0,0,0,0
302,0,2253.0,0,185,8,0,2989,0,683,한식,24,3,1,249,5,1178,0,0,0,0,0,1,0
219,0,2295.0,1,190,8,0,2989,0,757,한식,25,5,2,285,4,1046,0,1,0,0,0,0,0
215,0,2214.0,2,197,8,0,2989,0,2,한식,26,2,3,363,3,897,0,0,0,0,0,0,1
205,0,2257.0,3,211,8,0,2989,0,575,한식,27,3,4,316,4,963,0,1,0,0,0,0,0
320,0,2142.0,4,230,8,0,2989,0,0,한식,28,8,5,297,4,784,0,0,0,0,0,1,0
183,0,2179.0,0,163,8,0,2989,0,648,한식,31,3,1,464,5,1243,0,0,0,0,1,0,0
73,0,2421.0,1,111,9,0,3132,0,630,한식,1,7,2,527,4,1021,0,1,0,0,0,0,0
78,0,2377.0,2,155,9,0,3132,0,0,한식,2,7,3,522,4,1006,0,0,1,0,0,0,0
119,0,2307.0,3,195,9,0,3132,0,531,한식,3,3,4,511,4,924,0,0,0,0,0,1,0
208,0,2241.0,4,221,9,0,3132,0,3,한식,4,3,5,462,4,746,0,0,0,0,0,1,0
122,0,2408.0,0,163,9,0,3132,0,774,일식,7,2,1,439,4,1186,0,0,0,0,1,0,0
91,0,2427.0,1,173,9,0,3132,0,730,중식,8,3,2,441,5,986,0,0,0,0,0,1,0
102,0,2426.0,2,180,9,0,3132,0,3,한식,9,2,3,424,5,965,0,1,0,0,0,0,0
106,0,2376.0,3,220,9,0,3132,0,600,한식,10,5,4,430,4,881,0,0,0,0,0,0,1
211,0,2286.0,4,259,9,0,3132,0,2,한식,11,1,5,376,2,661,0,0,0,0,1,0,0
102,0,2474.0,0,188,9,0,3132,0,725,한식,14,9,1,368,4,1191,0,0,0,0,0,1,0
79,0,2422.0,1,209,9,0,3132,0,676,중식,15,6,2,422,4,855,1,0,0,0,0,0,0
72,0,2470.0,2,229,9,0,3132,0,0,한식,16,7,3,361,4,953,0,0,0,0,0,0,1
84,0,2435.0,3,245,9,0,3132,0,588,한식,17,6,4,368,4,797,0,0,0,0,0,1,0
241,0,2300.0,4,281,9,0,3132,0,1,한식,18,5,5,310,4,570,0,0,0,0,1,0,0
105,0,2463.0,0,210,9,0,3132,0,742,한식,21,5,1,354,4,1176,0,0,0,0,0,1,0
99,0,2467.0,1,224,9,0,3132,0,600,한식,22,7,2,342,4,908,0,1,0,0,0,0,0
88,0,2465.0,2,234,9,0,3132,0,1,한식,23,7,3,345,3,970,1,0,0,0,0,0,0
102,0,2454.0,3,262,9,0,3132,0,505,한식,24,8,4,314,5,739,0,0,0,0,0,1,0
237,0,2343.0,4,287,9,1,3132,0,1,한식,25,5,5,265,5,540,0,0,0,0,0,0,1
985,0,1817.0,0,188,9,1,3132,1,81,한식,28,9,1,142,4,358,0,0,0,0,0,1,0
91,1,2494.0,0,131,10,0,3008,0,825,한식,5,8,1,292,5,1252,0,0,0,0,0,1,0
64,0,2482.0,1,183,10,0,3008,0,804,일식,6,3,2,279,5,977,0,0,0,0,1,0,0
54,0,2430.0,2,232,10,0,3008,0,6,한식,7,5,3,292,5,880,0,0,0,0,0,0,1
88,0,2446.0,3,225,10,1,3008,1,734,양식,8,1,4,249,4,923,0,0,0,0,0,0,1
105,1,2467.0,0,215,10,0,3008,1,555,한식,12,9,1,221,4,1096,0,0,0,0,0,1,0
72,0,2500.0,1,248,10,0,3008,0,534,한식,13,6,2,188,4,839,0,0,0,0,0,0,1
68,0,2502.0,2,267,10,0,3008,0,3,한식,14,2,3,171,4,797,0,1,0,0,0,0,0
97,0,2467.0,3,269,10,0,3008,0,898,한식,15,7,4,175,5,793,0,0,0,0,0,0,1
180,0,2378.0,4,270,10,0,3008,0,4,한식,16,5,5,180,3,660,0,0,0,0,1,0,0
143,0,2519.0,0,211,10,0,3008,0,588,한식,19,6,1,135,4,1035,0,0,0,0,0,1,0
84,0,2539.0,1,241,10,0,3008,0,518,일식,20,5,2,144,4,851,0,0,0,0,1,0,0
107,0,2502.0,2,239,10,0,3008,0,6,한식,21,3,3,160,4,887,0,0,0,0,0,0,1
116,0,2459.0,3,271,10,0,3008,0,791,한식,22,3,4,162,1,799,0,0,0,0,0,1,0
223,0,2367.0,4,283,10,0,3008,0,2,한식,23,5,5,135,5,648,0,0,0,0,0,1,0
156,0,2480.0,0,228,10,0,3008,0,570,한식,26,5,1,144,4,1069,0,0,0,1,0,0,0
105,0,2502.0,1,265,10,0,3008,0,496,한식,27,8,2,136,3,839,0,0,0,0,0,1,0
105,0,2478.0,2,287,10,0,3008,0,3,한식,28,3,3,138,6,791,0,0,0,0,0,0,1
131,0,2442.0,3,298,10,0,3008,0,418,중식,29,5,4,137,3,667,0,0,0,0,1,0,0
340,0,2263.0,4,298,10,0,3008,0,1,한식,30,8,5,107,5,398,0,0,0,0,0,1,0
162,0,2514.0,0,213,11,0,3021,0,616,한식,2,5,1,132,3,1150,0,0,0,0,1,0,0
100,0,2544.0,1,270,11,0,3021,0,530,한식,3,7,2,107,5,810,0,0,0,0,0,1,0
112,0,2503.0,2,283,11,0,3021,0,1,한식,4,4,3,123,5,789,1,0,0,0,0,0,0
114,0,2485.0,3,306,11,0,3021,0,464,한식,5,6,4,116,5,596,0,0,0,0,0,1,0
266,0,2331.0,4,305,11,0,3021,0,1,중식,6,1,5,119,4,459,0,0,0,1,0,0,0
144,0,2505.0,0,241,11,0,3021,0,691,한식,9,7,1,131,4,1076,0,0,0,0,0,1,0
104,0,2504.0,1,289,11,0,3021,0,526,중식,10,7,2,124,4,784,0,1,0,0,0,0,0
105,0,2498.0,2,303,11,0,3021,0,1,한식,11,3,3,115,3,747,0,0,1,0,0,0,0
125,0,2483.0,3,308,11,0,3021,0,464,한식,12,2,4,105,5,678,0,1,0,0,0,0,0
317,0,2296.0,4,292,11,0,3021,0,0,한식,13,5,5,116,4,529,0,1,0,0,0,0,0
164,0,2512.0,0,217,11,0,3021,0,733,한식,16,9,1,128,4,1068,0,0,0,0,0,1,0
112,0,2516.0,1,274,11,0,3021,0,691,한식,17,3,2,119,4,784,0,0,0,0,0,1,0
93,0,2523.0,2,282,11,0,3021,0,0,한식,18,3,3,123,4,774,0,0,0,0,1,0,0
144,0,2490.0,3,277,11,0,3021,0,541,한식,19,8,4,110,4,653,0,0,0,0,0,1,0
343,0,2239.0,4,292,11,0,3021,0,0,한식,20,8,5,147,5,747,0,0,0,0,0,1,0
198,0,2354.0,0,208,11,0,3021,0,899,한식,23,5,1,261,5,1292,0,0,0,0,1,0,0
202,0,2281.0,1,181,11,0,3021,0,878,한식,24,2,2,357,5,1156,0,0,0,0,1,0,0
206,0,2237.0,2,191,11,0,3021,0,3,한식,25,2,3,387,4,1146,0,0,0,1,0,0,0
230,0,2181.0,3,219,11,0,3021,0,641,한식,26,8,4,391,5,1034,0,0,0,0,0,1,0
406,0,2079.0,4,235,11,0,3021,0,2,한식,27,2,5,301,4,895,0,0,0,0,0,1,0
253,0,2275.0,0,148,11,0,3021,0,798,한식,30,5,1,345,4,1273,1,0,0,0,0,0,0
204,0,2217.0,1,161,12,0,2990,0,878,한식,1,8,2,408,4,1324,0,0,0,0,0,0,1
223,0,2212.0,2,157,12,0,2990,0,5,한식,2,3,3,398,4,1188,0,0,0,1,0,0,0
242,0,2168.0,3,219,12,0,2990,0,667,한식,3,7,4,361,4,1059,1,0,0,0,0,0,0
427,0,2038.0,4,233,12,0,2990,0,3,한식,4,5,5,292,3,858,0,0,0,0,1,0,0
211,0,2255.0,0,185,12,0,2990,0,941,한식,7,7,1,339,4,1317,0,0,0,0,0,1,0
172,0,2259.0,1,182,12,0,2990,0,852,한식,8,9,2,377,4,1138,0,0,0,0,0,1,0
199,0,2181.0,2,191,12,0,2990,0,2,한식,9,8,3,419,4,994,0,0,0,0,0,1,0
212,0,2212.0,3,229,12,0,2990,0,683,한식,10,8,4,337,5,975,0,0,0,0,0,1,0
398,0,2072.0,4,228,12,0,2990,0,0,한식,11,5,5,292,4,742,0,0,0,0,0,0,1
221,0,2291.0,0,142,12,0,2990,0,892,한식,14,2,1,336,6,1329,0,0,0,0,1,0,0
203,0,2208.0,1,179,12,0,2990,0,814,한식,15,8,2,400,4,1202,0,0,0,0,0,1,0
195,0,2249.0,2,187,12,0,2990,0,1,한식,16,2,3,359,3,1135,0,0,0,0,0,0,1
226,0,2246.0,3,184,12,0,2990,0,653,양식,17,5,4,334,6,1096,0,0,0,0,1,0,0
403,0,2084.0,4,196,12,0,2990,0,1,일식,18,1,5,307,5,917,0,0,0,0,1,0,0
248,0,2250.0,0,153,12,0,2990,0,526,한식,21,8,1,339,5,1256,0,0,0,0,0,1,0
270,0,2219.0,1,171,12,0,2990,0,362,양식,22,1,2,330,3,984,0,0,0,0,0,0,1
402,0,2071.0,2,193,12,0,2990,0,5,한식,23,5,3,324,5,768,0,0,0,1,0,0,0
777,0,1780.0,3,160,12,1,2990,1,24,한식,24,9,4,273,4,591,0,0,0,0,0,1,0
92,1,2460.0,0,91,1,0,2983,1,490,한식,4,5,1,340,3,1405,0,1,0,0,0,0,0
99,0,2338.0,1,156,1,0,2983,0,500,한식,5,7,2,390,4,1128,0,0,0,0,0,1,0
85,0,2309.0,2,156,1,0,2983,0,11,한식,6,2,3,433,4,1014,0,0,0,0,0,0,1
98,0,2282.0,3,182,1,0,2983,0,413,한식,7,7,4,421,4,1040,0,0,0,0,0,0,1
255,0,2137.0,4,218,1,0,2983,0,0,한식,8,6,5,373,4,726,0,0,0,0,0,1,0
105,0,2351.0,0,158,1,0,2983,0,517,한식,11,9,1,369,4,1257,0,0,0,0,0,1,0
83,0,2328.0,1,168,1,0,2983,0,433,한식,12,5,2,404,4,963,0,0,0,0,1,0,0
80,0,2335.0,2,175,1,0,2983,0,8,한식,13,7,3,393,4,913,0,0,0,0,0,1,0
90,0,2318.0,3,205,1,0,2983,0,428,한식,14,8,4,370,4,1038,0,1,0,0,0,0,0
229,0,2193.0,4,222,1,0,2983,0,0,한식,15,2,5,339,3,702,0,0,0,0,0,0,1
67,0,2396.0,0,163,1,0,2983,0,509,한식,18,5,1,357,5,1277,0,0,0,0,0,1,0
62,0,2373.0,1,176,1,0,2983,0,508,한식,19,7,2,372,4,1038,0,1,0,0,0,0,0
75,0,2319.0,2,198,1,0,2983,0,4,양식,20,1,3,391,4,1093,0,0,0,0,0,0,1
92,0,2309.0,3,231,1,0,2983,0,462,중식,21,7,4,351,4,832,0,1,0,0,0,0,0
255,0,2177.0,4,248,1,0,2983,0,1,한식,22,5,5,303,4,579,0,0,0,0,1,0,0
107,0,2396.0,0,153,1,0,2983,0,616,한식,25,8,1,327,4,1145,0,0,0,0,0,1,0
69,0,2369.0,1,183,1,0,2983,0,551,한식,26,5,2,362,4,1015,0,0,0,0,1,0,0
